PDB ID,Resolution,Entity ID,Molecule Name,UniProt IDs,Mutation Count,Mutation Details,Gene Names,Error
7F4X,1.6 Å,1,N/A,P0DMV9,0,N/A,N/A,
7XTX,1.28 Å,1,N/A,P14174,0,N/A,N/A,
8C86,1.1 Å,1,N/A,P02766,0,N/A,N/A,
7MYI,1.25 Å,1,N/A,P56817,0,N/A,N/A,
5R4V,1.29 Å,1,N/A,Q6PL18,0,N/A,N/A,
5R4Q,1.49 Å,1,N/A,O43809,0,N/A,N/A,
5RKZ,1.38 Å,1,N/A,Q9BRQ3,0,N/A,N/A,
5R61,1.38 Å,1,N/A,P24821,0,N/A,N/A,
7EIF,1.58 Å,1,N/A,O95619,0,N/A,N/A,
5S9G,1.091 Å,1,N/A,Q8WWQ0,0,N/A,N/A,
5RW1,1.52 Å,1,N/A,Q96HY7,0,N/A,N/A,
5RWW,1.16 Å,1,N/A,Q92835,0,N/A,N/A,
5RYO,1.58 Å,1,N/A,Q9Y2J2,0,N/A,N/A,
5S75,1.3 Å,1,N/A,Q04771,1,Q207D,N/A,
7VRM,1.1 Å,1,N/A,P25440,0,N/A,N/A,
7Z9W,0.988 Å,1,N/A,O60885,0,N/A,N/A,
5SB1,1.53 Å,1,N/A,Q08345,1,Deletion of residues 730-735,N/A,
7FS3,1.655 Å,1,N/A,P30613,0,N/A,N/A,
5SDB,1.55 Å,1,N/A,P00374,0,N/A,N/A,
7QPF,1.7 Å,1,N/A,Q9Y233,0,N/A,N/A,
5SSX,1.02 Å,1,N/A,Q8NBK3,1,E130D,N/A,
6UYB,1.543 Å,1,N/A,Q15562,0,N/A,N/A,
7QDQ,1.26 Å,1,N/A,Q00987,0,N/A,N/A,
7L5O,1.21 Å,1,N/A,Q06187,0,N/A,N/A,
6I99,2.001 Å,1,N/A,P51813,4,"Q432K, Q620E, Q611M, D617T",N/A,
6IC9,1.748 Å,1,N/A,Q92576,0,N/A,N/A,
7Z1K,1.55 Å,2,N/A,P24928,0,N/A,N/A,
6JPE,1.601 Å,1,N/A,P22455,2,"C477A, R664E",N/A,
7N03,1.13 Å,1,N/A,P36639,0,N/A,N/A,
7ZRR,1.64 Å,1,N/A,P00749,0,N/A,N/A,
6K0O,1.99 Å,1,N/A,Q9NR16,0,N/A,N/A,
6K0R,2.502 Å,1,N/A,Q9Y265,0,N/A,N/A,
6K0R,2.502 Å,2,N/A,Q9Y230,0,N/A,N/A,
6K2Y,1.57 Å,1,N/A,Q8TCE9,0,N/A,N/A,
7JK7,1.96 Å,1,N/A,O60341,1,S111E,N/A,
6TUY,2.6 Å,2,N/A,Q9UKL0,0,N/A,N/A,
6K3F,2.3 Å,2,N/A,P25106,0,N/A,N/A,
6XXC,1.3 Å,2,N/A,P62508,0,N/A,N/A,
7N80,2.5 Å,1,N/A,P78356,0,N/A,N/A,
6Z1V,1.33 Å,1,N/A,P21926,0,N/A,N/A,
6K9M,2.9 Å,1,N/A,P55055,4,"Q259A, R261G, D262S, R264S",N/A,
7S6O,1.25 Å,1,N/A,P0CG47,1,K48R,N/A,
6KZ7,2.28 Å,2,N/A,Q12824,0,N/A,N/A,
6KAG,2.601 Å,2,N/A,Q8TAQ2,0,N/A,N/A,
6KAX,1.23 Å,1,N/A,Q07869,0,N/A,N/A,
7UV5,1.45 Å,2,N/A,P0CG48,0,N/A,N/A,
7U9U,1.66 Å,1,N/A,P14920,0,N/A,N/A,
6KCS,2.1 Å,1,N/A,Q14527,0,N/A,N/A,
6KD5,2.6 Å,1,N/A,Q9BYE2,0,N/A,N/A,
6WJ7,1.42 Å,1,N/A,Q9BV86,0,N/A,N/A,
6KDQ,1.499 Å,2,N/A,P49450,0,N/A,N/A,
6KDS,1.844 Å,1,N/A,Q5VVY1,0,N/A,N/A,
6KDR,2.112 Å,2,N/A,P07199,0,N/A,N/A,
6KEY,1.24 Å,1,N/A,Q99619,0,N/A,N/A,
6KEY,1.24 Å,2,N/A,P35228,0,N/A,N/A,
7MO5,1.55 Å,1,N/A,P62826,1,F35S,N/A,
6KHS,1.895 Å,1,N/A,Q9Y5N5,0,N/A,N/A,
6KHS,1.895 Å,2,N/A,Q9UI30,0,N/A,N/A,
6KLZ,0.9 Å,1,N/A,P00918,1,V143I,N/A,
7OAJ,1.93 Å,1,N/A,O14936,0,N/A,N/A,
6KN5,2.2 Å,1,N/A,Q9UHB7,0,N/A,N/A,
6KO2,1.5 Å,2,N/A,P0C0S5,0,N/A,N/A,
6KOK,2 Å,1,N/A,Q9Y5W9,0,N/A,N/A,
6KP3,2.2 Å,1,N/A,Q8WUM4,0,N/A,N/A,
6KQQ,1.8 Å,1,N/A,Q96L73,0,N/A,N/A,
6KQU,2 Å,1,N/A,Q9NZK7,1,N21G,N/A,
6KS0,2.79 Å,1,N/A,Q96A54,0,N/A,N/A,
6KS1,2.4 Å,1,N/A,Q86V24,0,N/A,N/A,
6KTR,2.59775753879 Å,3,N/A,O95750,0,N/A,N/A,
6KU0,1.6 Å,2,N/A,Q8TDZ2,0,N/A,N/A,
6KVA,2.2 Å,3,N/A,P25025,0,N/A,N/A,
7V64,1.56 Å,3,N/A,P15941,0,N/A,N/A,
6V6U,1.16 Å,1,N/A,P61586,1,F25N,N/A,
6RZH,0.947 Å,1,N/A,P17931,0,N/A,N/A,
8BF1,1.36 Å,2,N/A,Q9UBK2,0,N/A,N/A,
6KY1,2.04 Å,1,N/A,Q8WUX2,2,"R82G, E83Q",N/A,
6ZJZ,2.489 Å,1,N/A,Q9NR97,0,N/A,N/A,
7F3G,2.1 Å,1,N/A,O15075,0,N/A,N/A,
6KZ1,1.694 Å,1,N/A,Q9P202,0,N/A,N/A,
6KZ1,1.694 Å,2,N/A,Q9UKN7,0,N/A,N/A,
6YXP,1.6 Å,1,N/A,Q92922,0,N/A,N/A,
6KZG,2 Å,1,N/A,P27348,0,N/A,N/A,
6KZG,2 Å,2,N/A,Q96RK0,0,N/A,N/A,
6KZQ,1.7 Å,1,N/A,P43378,0,N/A,N/A,
6KZQ,1.7 Å,2,N/A,P46459,0,N/A,N/A,
6L03,2.084 Å,2,N/A,P61764,0,N/A,N/A,
6L1P,1.231 Å,1,N/A,A8MW92,0,N/A,N/A,
6VRV,1.74 Å,1,N/A,P11309,0,N/A,N/A,
6L1R,1.79843948699 Å,1,N/A,Q08945,0,N/A,N/A,
6X9J,1.79 Å,1,N/A,P26358,0,N/A,N/A,
7C8S,1.31 Å,1,N/A,Q9NRW4,1,N128A,N/A,
6L1Y,2.469 Å,2,N/A,P01730,0,N/A,N/A,
8AEC,1.09 Å,1,N/A,P68400,4,"R21S, K74A, K75A, K76A",N/A,
6L3R,2 Å,1,N/A,P23921,0,N/A,N/A,
6L4B,2.2 Å,1,N/A,Q9UGV2,0,N/A,N/A,
6YG9,1.89 Å,1,N/A,P02768,0,N/A,N/A,
6L5H,1.3 Å,1,N/A,Q5TZA2,0,N/A,N/A,
6L5O,1.8 Å,1,N/A,Q9NR30,5,"G401, K402, K403, T404, Q405 deletion mutant",N/A,
7BOS,1.7 Å,1,N/A,Q8IXJ6,0,N/A,N/A,
6L6E,1.92 Å,1,N/A,O76074,0,N/A,N/A,
6LB4,1.5 Å,1,N/A,P19793,0,N/A,N/A,
7BQ2,1.52 Å,2,N/A,Q15788,0,N/A,N/A,
6L6N,2.86 Å,1,N/A,P78348,0,N/A,N/A,
6L81,2.19650999049 Å,1,N/A,Q96RT8,0,N/A,N/A,
6L81,2.19650999049 Å,2,N/A,Q08AG7,0,N/A,N/A,
8BF1,1.36 Å,1,N/A,P37231,0,N/A,N/A,
6L9O,1.42 Å,1,N/A,O15540,0,N/A,N/A,
7CFP,1.6 Å,2,N/A,P68431,0,N/A,N/A,
8B5C,1.58 Å,2,N/A,P62805,0,N/A,N/A,
6L9Z,2.5 Å,3,N/A,P04908,0,N/A,N/A,
6L9Z,2.5 Å,4,N/A,P06899,0,N/A,N/A,
6L9Z,2.5 Å,7,N/A,Q92522,0,N/A,N/A,
6LAN,1.41 Å,1,N/A,Q8IVM0,0,N/A,N/A,
7NFB,1.33 Å,2,N/A,Q15596,0,N/A,N/A,
6LB7,2.101 Å,1,N/A,Q9BPX6,0,N/A,N/A,
6LB7,2.101 Å,2,N/A,Q8IYU8,0,N/A,N/A,
6XKC,2.03 Å,1,N/A,Q96JP0,0,N/A,N/A,
6LBM,2.841 Å,1,N/A,Q99958,0,N/A,N/A,
7PCD,1.77 Å,1,N/A,P04626,0,N/A,N/A,
6LCB,1.4 Å,1,N/A,O14640,2,"C338A,W339T",N/A,
7VDP,2.09 Å,2,N/A,Q15078,0,N/A,N/A,
6LDW,1.6 Å,3,N/A,Q9Y2U5,0,N/A,N/A,
6LE1,2.3 Å,1,N/A,Q8IYX4,0,N/A,N/A,
7AP7,1.15 Å,1,N/A,P61626,1,W64R,N/A,
6LH4,1.999 Å,1,N/A,Q9BQ69,0,N/A,N/A,
6RL3,1.3 Å,2,N/A,P04637,0,N/A,N/A,
6LII,2.3 Å,1,N/A,Q99536,0,N/A,N/A,
6LIG,2.62 Å,1,N/A,P17174,0,N/A,N/A,
6LIO,1.76 Å,1,N/A,Q15119,0,N/A,N/A,
6LIT,2 Å,1,N/A,O95718,3,"R382H,Y356H,Y215H",N/A,
6LJK,1.394 Å,1,N/A,Q9NXA8,0,N/A,N/A,
6LJQ,1.49 Å,1,N/A,A8MUM7,0,N/A,N/A,
6ZVO,1.371 Å,1,N/A,Q8NB16,0,N/A,N/A,
6LLC,2.501 Å,1,N/A,P15559,0,N/A,N/A,
6LLX,1.581 Å,1,N/A,P09211,0,N/A,N/A,
7A4R,1.8 Å,1,N/A,Q13627,0,N/A,N/A,
7QK4,1.602 Å,1,N/A,O75530,0,N/A,N/A,
7QK4,1.602 Å,2,N/A,Q15910,0,N/A,N/A,
7NPC,1.47 Å,1,N/A,P51449,0,N/A,N/A,
6ULH,1.968 Å,2,N/A,P61088,0,N/A,N/A,
7K2U,1.73 Å,1,N/A,Q02127,0,N/A,N/A,
6LPG,2.3 Å,1,N/A,Q7L8A9,0,N/A,N/A,
6LPG,2.3 Å,2,N/A,Q8N300,0,N/A,N/A,
6LPN,2.206 Å,1,N/A,Q8N465,0,N/A,N/A,
7WX2,1.24 Å,1,N/A,Q92793,0,N/A,N/A,
6TN5,1.165 Å,1,N/A,P07900,0,N/A,N/A,
6PXR,1.556 Å,3,N/A,P10636,0,N/A,N/A,
7FUA,1.444 Å,1,N/A,Q8N884,0,N/A,N/A,
6LRM,1.45 Å,1,N/A,Q08499,0,N/A,N/A,
7WJV,1.724 Å,1,N/A,P09467,0,N/A,N/A,
7VKG,1.83 Å,1,N/A,P42568,0,N/A,N/A,
7Y43,1.5 Å,1,N/A,Q92794,0,N/A,N/A,
7EIE,1.67 Å,1,N/A,Q9ULM3,0,N/A,N/A,
6LT7,2.7 Å,1,N/A,O75817,0,N/A,N/A,
6LT7,2.7 Å,2,N/A,Q9BUL9,0,N/A,N/A,
8AG2,1.025 Å,1,N/A,Q12830,0,N/A,N/A,
8A27,1.07 Å,1,N/A,P00533,0,N/A,N/A,
6LUJ,1.12 Å,1,N/A,Q6SPF0,0,N/A,N/A,
7TMX,2.3 Å,2,N/A,Q96FI4,0,N/A,N/A,
6THX,1.99 Å,1,N/A,Q9NWZ3,0,N/A,N/A,
6LYN,2.776 Å,3,N/A,P43121,0,N/A,N/A,
6LZB,1.29 Å,1,N/A,P53582,0,N/A,N/A,
6LZZ,2.40003752238 Å,1,N/A,O76083,0,N/A,N/A,
6M06,2.1 Å,1,N/A,Q13093,0,N/A,N/A,
6M14,1.88001831059 Å,1,N/A,Q99728,1,V695L,N/A,
7NMR,1.15 Å,1,N/A,P61769,0,N/A,N/A,
7XHH,2.1 Å,1,N/A,Q93009,0,N/A,N/A,
6SQO,1.41 Å,2,N/A,P62837,2,"S22R, C85K",N/A,
6M2D,1.795 Å,1,N/A,Q969V5,0,N/A,N/A,
6M3B,2.2 Å,1,N/A,P04070,0,N/A,N/A,
6M3G,1.57 Å,1,N/A,Q9NWY4,0,N/A,N/A,
7AAC,1.593 Å,1,N/A,P09874,0,N/A,N/A,
6M4I,1.9 Å,1,N/A,Q02224,0,N/A,N/A,
6YF3,1 Å,1,N/A,P62942,0,N/A,N/A,
6M4U,2.2 Å,2,N/A,P42345,1,T2098L,N/A,
8AQL,1.23 Å,1,N/A,P34897,0,N/A,N/A,
8B0Z,1.23 Å,1,N/A,P09382,0,N/A,N/A,
6YND,1.525 Å,1,N/A,P04406,1,C152X,N/A,
6YIA,1.3 Å,2,N/A,Q15796,0,N/A,N/A,
6M75,2.57 Å,1,N/A,P29558,0,N/A,N/A,
6M7B,1.77 Å,1,N/A,Q9UI95,1,R124A,N/A,
6M7B,1.77 Å,2,N/A,Q6ZNX1,0,N/A,N/A,
7UMV,1.8 Å,1,N/A,Q9Y6W6,0,N/A,N/A,
7TTK,1.98 Å,1,N/A,P09917,0,N/A,N/A,
7WR6,1.96 Å,1,N/A,P49662,1,C258A,N/A,
6NTO,2.052 Å,1,N/A,P22303,0,N/A,N/A,
7AZ2,1.081 Å,1,N/A,P31947,0,N/A,N/A,
6NV2,1.13 Å,2,N/A,Q04206,0,N/A,N/A,
7SIY,1.48 Å,1,N/A,P22681,0,N/A,N/A,
6O4O,1.62 Å,1,N/A,P20809,0,N/A,N/A,
7M5A,1.5 Å,1,N/A,Q16611,0,N/A,N/A,
6OJF,1.6 Å,1,N/A,Q5S007,2,"K1460A, K1463A",N/A,
6OPJ,1.50065718427 Å,1,N/A,O00255,0,N/A,N/A,
6OQ4,1.754 Å,1,N/A,O00522,0,N/A,N/A,
6OQ4,1.754 Å,2,N/A,P61224,0,N/A,N/A,
7RXO,1.38 Å,1,N/A,P24941,0,N/A,N/A,
6OQO,1.977 Å,1,N/A,Q00534,0,N/A,N/A,
6OVF,1.95 Å,1,N/A,P98082,0,N/A,N/A,
6OWV,1.88 Å,1,N/A,O14958,0,N/A,N/A,
6ZNV,1.14 Å,1,N/A,Q86U86,0,N/A,N/A,
7LB1,1.35 Å,1,N/A,P21675,0,N/A,N/A,
8C7X,1.65 Å,1,N/A,P15056,0,N/A,N/A,
6P7F,2.85003990159 Å,1,N/A,O95255,1,R1459D,N/A,
6Z30,1.5 Å,1,N/A,P11717,0,N/A,N/A,
6PAG,2.501 Å,1,N/A,P10321,0,N/A,N/A,
6PAG,2.501 Å,4,N/A,P43628,0,N/A,N/A,
7A6Y,2.5 Å,2,N/A,Q9UIK4,0,N/A,N/A,
7BF1,1.24 Å,1,N/A,P0DP23,0,N/A,N/A,
7UE7,1.55 Å,1,N/A,Q9H999,0,N/A,N/A,
6PF2,2.17 Å,1,N/A,P12883,0,N/A,N/A,
6PHI,1.1 Å,1,N/A,P01275,0,N/A,N/A,
6PJX,1.96 Å,1,N/A,P34947,3,"E104K, R304H, G438E",N/A,
7S9N,1.71 Å,1,N/A,P06746,0,N/A,N/A,
7N3T,1.84 Å,1,N/A,P04629,0,N/A,N/A,
7M7N,1.31 Å,1,N/A,Q9Y253,0,N/A,N/A,
6PLH,1.6 Å,3,N/A,Q9HBE5,0,N/A,N/A,
6PMT,2.3 Å,1,N/A,P38646,0,N/A,N/A,
6POK,1.796 Å,1,N/A,Q96MS0,0,N/A,N/A,
6POG,2.755 Å,2,N/A,Q99435,0,N/A,N/A,
6POL,1.8 Å,2,N/A,Q92832,0,N/A,N/A,
8AZZ,1.02 Å,1,N/A,P01116,0,N/A,N/A,
6PSD,2.66 Å,1,N/A,Q9BSW2,0,N/A,N/A,
6PSE,2.404 Å,2,N/A,Q9Y6G9,0,N/A,N/A,
6PSE,2.404 Å,1,N/A,Q8TD16,0,N/A,N/A,
6PU1,2.28 Å,2,N/A,P53992,0,N/A,N/A,
6PUV,1.2 Å,1,N/A,Q8IUN9,0,N/A,N/A,
6YOJ,1.361 Å,1,N/A,Q05397,0,N/A,N/A,
6PW8,1.95 Å,2,N/A,P49023,0,N/A,N/A,
7QBN,1.55 Å,1,N/A,P43235,0,N/A,N/A,
6PYP,1.95 Å,1,N/A,P21695,1,R269A,N/A,
6PZP,1.94 Å,1,N/A,P29466,0,N/A,N/A,
6Q13,2 Å,1,N/A,P00338,0,N/A,N/A,
6TN1,0.98 Å,1,N/A,P04062,0,N/A,N/A,
6ZGX,1.86 Å,1,N/A,P51570,2,"K252A, E253A",N/A,
6QBA,1.8 Å,1,N/A,P02753,0,N/A,N/A,
6QIU,1.802 Å,2,N/A,P54253,0,N/A,N/A,
6QVS,1.6 Å,1,N/A,P15907,0,N/A,N/A,
6QZC,1.64 Å,1,N/A,P01903,0,N/A,N/A,
6QZC,1.64 Å,2,N/A,P01911,0,N/A,N/A,
6R2I,1.541 Å,1,N/A,O94901,0,N/A,N/A,
6WMD,1.5 Å,2,N/A,Q8N205,0,N/A,N/A,
6R17,2.424 Å,1,N/A,Q6PIF2,0,N/A,N/A,
6R17,2.424 Å,2,N/A,Q9BXU0,0,N/A,N/A,
6R2I,1.541 Å,2,N/A,Q8N6L0,0,N/A,N/A,
6Z50,1.6 Å,1,N/A,P49759,0,N/A,N/A,
8BLU,1.5 Å,1,N/A,O00560,0,N/A,N/A,
7XZQ,2.09 Å,1,N/A,Q9UKE5,0,N/A,N/A,
8BO8,1.55 Å,1,N/A,Q04609,0,N/A,N/A,
6RBI,2.21 Å,1,N/A,Q9UGL1,0,N/A,N/A,
6RBJ,2.093 Å,1,N/A,Q7LBC6,0,N/A,N/A,
7A5M,0.78 Å,1,N/A,Q8N8S7,0,N/A,N/A,
6RCY,2.3 Å,1,N/A,Q02790,0,N/A,N/A,
6RHC,1.2 Å,2,N/A,Q9GZV5,0,N/A,N/A,
7QHL,1.7 Å,2,N/A,P20248,0,N/A,N/A,
6V0P,1.88 Å,1,N/A,O14744,0,N/A,N/A,
6V0P,1.88 Å,2,N/A,Q9BQA1,0,N/A,N/A,
6RLW,2 Å,1,N/A,O15527,0,N/A,N/A,
7UE9,1.75 Å,3,N/A,P01024,0,N/A,N/A,
7AEL,1.76 Å,1,N/A,P01009,0,N/A,N/A,
7CIO,1.1 Å,2,N/A,P16410,0,N/A,N/A,
6RSH,1.71 Å,1,N/A,P23458,0,N/A,N/A,
7P7G,1.7 Å,1,N/A,P48730,0,N/A,N/A,
7Z72,1.8 Å,1,N/A,Q9H3D4,0,N/A,N/A,
7A1Q,1.75 Å,1,N/A,Q9NWT6,0,N/A,N/A,
6ZIW,2.18 Å,1,N/A,Q9Y616,0,N/A,N/A,
6RW0,1.45 Å,1,N/A,Q5VTE6,0,N/A,N/A,
6RX7,1.63 Å,1,N/A,P08519,0,N/A,N/A,
7OTF,1.3 Å,1,N/A,Q460N3,0,N/A,N/A,
6S0L,2.65 Å,1,N/A,P29274,0,N/A,N/A,
6S4E,1.9 Å,1,N/A,P13995,0,N/A,N/A,
6VER,1.047 Å,1,N/A,P01308,0,N/A,N/A,
6S4L,2.42 Å,1,N/A,Q719H9,0,N/A,N/A,
6S4M,2.4 Å,1,N/A,Q14728,0,N/A,N/A,
6S5F,1.7 Å,1,N/A,Q96DA2,0,N/A,N/A,
6S5H,2 Å,1,N/A,P57729,0,N/A,N/A,
6S6M,1.35 Å,1,N/A,P49913,0,N/A,N/A,
7PBY,1.13 Å,1,N/A,P21589,0,N/A,N/A,
6S8X,2.29 Å,1,N/A,Q7L804,0,N/A,N/A,
6S98,1.55 Å,1,N/A,Q16763,0,N/A,N/A,
6S9A,1.86 Å,1,N/A,Q05193,0,N/A,N/A,
6V9M,1.648 Å,2,N/A,Q07889,0,N/A,N/A,
7P1A,1.58 Å,1,N/A,P43166,0,N/A,N/A,
6SEQ,2.1 Å,1,N/A,Q96Q04,0,N/A,N/A,
6SER,2.299 Å,1,N/A,Q9Y365,0,N/A,N/A,
6SGD,2 Å,1,N/A,P51955,0,N/A,N/A,
6SHI,1.85 Å,1,N/A,P49862,0,N/A,N/A,
6SHR,1.745 Å,1,N/A,P48061,0,N/A,N/A,
6SJH,1.5 Å,1,N/A,Q309B1,0,N/A,N/A,
7Z3X,1.65 Å,1,N/A,Q9UHX1,0,N/A,N/A,
6SLR,2.38 Å,1,N/A,P07602,0,N/A,N/A,
6SM5,2.75 Å,1,N/A,P29350,0,N/A,N/A,
6SN1,2.54 Å,1,N/A,Q9NVM9,0,N/A,N/A,
6SN1,2.54 Å,2,N/A,Q96SY0,0,N/A,N/A,
6SNK,2.2 Å,1,N/A,P12111,0,N/A,N/A,
7EXI,1.82 Å,1,N/A,Q14145,1,S172A,N/A,
6SQ2,1.684 Å,1,N/A,P61006,2,"Q67L, T72E",N/A,
6SQ2,1.684 Å,2,N/A,Q969X0,0,N/A,N/A,
6SQC,2.28 Å,2,N/A,Q9Y6Q9,0,N/A,N/A,
6XH2,1.71 Å,1,N/A,P09012,0,N/A,N/A,
6SQO,1.41 Å,3,N/A,P62979,0,N/A,N/A,
6SQU,2.27 Å,1,N/A,O15357,0,N/A,N/A,
6SRE,1.39 Å,1,N/A,P12955,0,N/A,N/A,
6SS2,2.4 Å,1,N/A,P78540,0,N/A,N/A,
7UC5,1.95 Å,1,N/A,P04439,0,N/A,N/A,
6ZCS,1.47 Å,1,N/A,P43405,0,N/A,N/A,
6SSO,1.211 Å,1,N/A,P10153,0,N/A,N/A,
6SSS,2.498 Å,1,N/A,Q99735,0,N/A,N/A,
7JGW,1.3 Å,1,N/A,Q07817,0,N/A,N/A,
6UA3,1.552 Å,1,N/A,Q07820,0,N/A,N/A,
6STK,1.52 Å,1,N/A,P13501,1,E66S,N/A,
6Z6Z,1.78 Å,1,N/A,P80188,0,N/A,N/A,
6SUB,1.72 Å,1,N/A,Q92729,0,N/A,N/A,
6SUK,1.75 Å,1,N/A,P08473,0,N/A,N/A,
6SV2,2.3 Å,3,N/A,P04156,0,N/A,N/A,
6SW5,2.35 Å,1,N/A,Q00266,0,N/A,N/A,
6SWG,2.51 Å,1,N/A,Q8NEY8,0,N/A,N/A,
6TL1,2.03 Å,1,N/A,Q9UK61,1,residues 261-269 deleted,N/A,
7Q0D,1.24 Å,1,N/A,P00915,0,N/A,N/A,
6SWT,1.2 Å,1,N/A,P35609,0,N/A,N/A,
6SYF,1.9 Å,1,N/A,P63279,4,"K48A, K49A, E54A, C138A",N/A,
6SYW,0.93 Å,1,N/A,P15121,0,N/A,N/A,
6T36,1.86 Å,1,N/A,P26045,0,N/A,N/A,
6TKL,1.3 Å,1,N/A,P00734,0,N/A,N/A,
6T3O,1.8 Å,1,N/A,P52179,0,N/A,N/A,
7N9H,2.2 Å,2,N/A,Q13148,0,N/A,N/A,
6T5F,2.63 Å,2,N/A,P49675,0,N/A,N/A,
7B67,1.45 Å,1,N/A,Q9NV35,1,V18_V19insGV,N/A,
7PUV,1.4 Å,1,N/A,O43570,0,N/A,N/A,
6T7F,2.58 Å,1,N/A,O75592,0,N/A,N/A,
8AMS,2.4 Å,1,N/A,P61077,0,N/A,N/A,
6T7P,1.416 Å,1,N/A,P03952,0,N/A,N/A,
7K2A,1.9 Å,2,N/A,Q16236,0,N/A,N/A,
6T80,2.99 Å,2,N/A,Q16613,0,N/A,N/A,
6T8X,2.81 Å,1,N/A,P49137,2,"T222E, T334E",N/A,
6ZBR,1.6 Å,2,N/A,P15692,0,N/A,N/A,
6T9E,2.989 Å,3,N/A,P01127,0,N/A,N/A,
6ZWI,1.85 Å,1,N/A,P06276,0,N/A,N/A,
6T9Q,1.15 Å,1,N/A,Q9UNS1,0,N/A,N/A,
6T9T,1.69 Å,1,N/A,Q9Y5Y6,0,N/A,N/A,
6TA0,1.58 Å,1,N/A,P43490,0,N/A,N/A,
6TA7,1.93 Å,1,N/A,Q13283,0,N/A,N/A,
6TA7,1.93 Å,2,N/A,Q14444,0,N/A,N/A,
7RA0,1.36 Å,1,N/A,Q9H492,0,N/A,N/A,
7LWE,1.17 Å,1,N/A,P41182,3,"C8Q, C67R, C84N",N/A,
7SXJ,1.85 Å,1,N/A,P49841,0,N/A,N/A,
6TD4,1.71 Å,1,N/A,Q15306,1,E45A E46A K47A C99A,N/A,
6TJT,1.31 Å,1,N/A,O60462,0,N/A,N/A,
6TGU,0.833 Å,1,N/A,P19784,0,N/A,N/A,
6WFV,1.7 Å,1,N/A,O60568,0,N/A,N/A,
6TFI,1.85 Å,1,N/A,O75469,1,K129G,N/A,
7CE4,1.5 Å,1,N/A,Q9H2K2,0,N/A,N/A,
7QK9,1.782 Å,1,N/A,P47895,0,N/A,N/A,
6THA,2.4 Å,1,N/A,P11166,0,N/A,N/A,
6TJT,1.31 Å,2,N/A,P49767,0,N/A,N/A,
6TKK,1.06 Å,1,N/A,O14786,0,N/A,N/A,
6TKK,1.06 Å,2,N/A,P49765,0,N/A,N/A,
6Y74,1.53 Å,1,N/A,Q16790,0,N/A,N/A,
6TL7,1.11 Å,1,N/A,P78380,0,N/A,N/A,
7AW6,1.95 Å,1,N/A,P20138,0,N/A,N/A,
6TLC,2.9 Å,1,N/A,P40763,0,N/A,N/A,
6TLE,1.75 Å,1,N/A,P52732,1,E344K,N/A,
6TMD,1.5 Å,1,N/A,Q63ZY3,1,Yes; A670V,N/A,
6TMO,2.1 Å,1,N/A,A0A5B8RNS7,0,N/A,N/A,
6TMO,2.1 Å,3,N/A,Q16655,0,N/A,N/A,
6YTU,0.95 Å,1,N/A,Q7LC44,0,N/A,N/A,
7LQD,1.95 Å,1,N/A,P33981,0,N/A,N/A,
6TNO,1.9 Å,2,N/A,Q9Y698,0,N/A,N/A,
6TNQ,1.3 Å,2,N/A,O14490,0,N/A,N/A,
6TP5,2.25 Å,1,N/A,Q9NXG6,0,N/A,N/A,
6Y0A,2.19 Å,1,N/A,P49336,0,N/A,N/A,
6Y0A,2.19 Å,2,N/A,P24863,0,N/A,N/A,
8BXH,1.3 Å,1,N/A,O60674,0,N/A,N/A,
6TPU,1.55 Å,1,N/A,P10586,0,N/A,N/A,
6TQP,1.8494094828 Å,2,N/A,Q9BXH1,0,N/A,N/A,
6TQR,1.85 Å,1,N/A,Q9P0L0,0,N/A,N/A,
6TQR,1.85 Å,2,N/A,Q14849,0,N/A,N/A,
6TQT,1.5 Å,1,N/A,Q8NHP6,0,N/A,N/A,
6TQS,2.25 Å,2,N/A,Q9BXW6,0,N/A,N/A,
6TRJ,1.3 Å,1,N/A,O75475,0,N/A,N/A,
6TRN,1.35 Å,1,N/A,Q53Z42,0,N/A,N/A,
6TRN,1.35 Å,3,N/A,P43358,1,G to A mutation at peptide position 1,N/A,
6TRR,2.1200735104 Å,2,N/A,Q07812,0,N/A,N/A,
7MBO,0.924 Å,1,N/A,P03951,1,C500S,N/A,
6TUN,2.07 Å,1,N/A,P18074,0,N/A,N/A,
6TUN,2.07 Å,2,N/A,P51948,0,N/A,N/A,
6TUS,2.5 Å,1,N/A,P28715,0,N/A,N/A,
6TUV,2.16 Å,1,N/A,Q8N5J2,0,N/A,N/A,
7BNB,1.16 Å,1,N/A,Q6P988,0,N/A,N/A,
6TWN,2.28 Å,2,N/A,P06493,0,N/A,N/A,
7LTT,1.9 Å,1,N/A,Q9Y3Z3,3,"H206R, D207N, R366C",N/A,
7AOT,0.85 Å,1,N/A,Q13451,3,"additional N-terminal sequence GAP, cloning artefact, mutation A19T",N/A,
6TZ3,1.17 Å,1,N/A,P21579,0,N/A,N/A,
7TOA,1.41 Å,1,N/A,Q15059,0,N/A,N/A,
6U4K,2.555 Å,1,N/A,Q9Y4G6,0,N/A,N/A,
7O45,2.1 Å,1,N/A,Q9UBC3,0,N/A,N/A,
6U8W,2.94891558608 Å,2,N/A,Q9UJW3,0,N/A,N/A,
7S79,1.53 Å,3,N/A,Q03164,0,N/A,N/A,
6U9Q,1.83 Å,1,N/A,Q9H165,0,N/A,N/A,
6U9S,2.4 Å,3,N/A,P60033,0,N/A,N/A,
6X8O,1.31 Å,1,N/A,O43521,0,N/A,N/A,
7LUL,1.65 Å,1,N/A,Q96RT1,6,"E88R, H89L, G90E, Q91E, V93E, S94R",N/A,
8ABX,1.65 Å,1,N/A,P14902,0,N/A,N/A,
6UD5,2.05 Å,1,N/A,P48775,0,N/A,N/A,
6UDL,2.85 Å,1,N/A,P04798,0,N/A,N/A,
6UEZ,1.98 Å,1,N/A,Q16850,2,"D231A, H314A",N/A,
6UGK,2.15 Å,1,N/A,Q9H6P5,0,N/A,N/A,
6UHB,2.504 Å,1,N/A,Q15413,0,N/A,N/A,
6UHS,2.46 Å,1,N/A,P21817,0,N/A,N/A,
6UIB,2.74 Å,1,N/A,Q9NPF7,0,N/A,N/A,
6UIB,2.74 Å,2,N/A,P29460,0,N/A,N/A,
6UIQ,2.3 Å,1,N/A,P36871,0,N/A,N/A,
7D5B,1.31 Å,1,N/A,Q9Y5Z0,0,N/A,N/A,
7FFU,2.601 Å,1,N/A,P02787,0,N/A,N/A,
7S79,1.53 Å,1,N/A,P01889,0,N/A,N/A,
6UJ7,1.9 Å,3,N/A,P48735,1,R140Q,N/A,
8BSK,2.1 Å,1,N/A,O94925,0,N/A,N/A,
6UJO,2.25 Å,1,N/A,U5YJP1,0,N/A,N/A,
6UJO,2.25 Å,3,N/A,Q5VTY9,1,L75F,N/A,
7QI1,1.76 Å,2,N/A,P13569,0,N/A,N/A,
7Y4A,1.6 Å,1,N/A,P84095,0,N/A,N/A,
6UL7,2.3 Å,1,N/A,P50053,0,N/A,N/A,
6ULB,1.75 Å,1,N/A,P04278,1,E176K,N/A,
6ULI,1.88 Å,1,N/A,C1K0Y1,0,N/A,N/A,
7F68,1.24 Å,1,N/A,P01111,1,S89D,N/A,
7EV1,1.38 Å,1,N/A,Q12864,0,N/A,N/A,
6ULS,1.5 Å,2,N/A,Q01094,0,N/A,N/A,
7W0Q,1.1 Å,1,N/A,Q9C029,0,N/A,N/A,
6UMQ,1.85 Å,1,N/A,Q9H993,0,N/A,N/A,
7KPM,1.608 Å,1,N/A,P54762,0,N/A,N/A,
7PPA,1.48 Å,2,N/A,Q13873,0,N/A,N/A,
7NDY,1.44 Å,1,N/A,O75531,0,N/A,N/A,
6YT7,1.55 Å,1,N/A,P0DOX5,1,YES,N/A,
6UOE,1.8 Å,2,N/A,P0DOX7,0,N/A,N/A,
7RDE,1.31 Å,1,N/A,P60174,1,Q181P,N/A,
6WBP,1.8 Å,1,N/A,Q14141,0,N/A,N/A,
6UPQ,1.86 Å,1,N/A,Q15019,0,N/A,N/A,
6UPQ,1.86 Å,2,N/A,Q9NVA2,0,N/A,N/A,
6UPR,2.299 Å,2,N/A,Q92599,0,N/A,N/A,
6UQQ,2.75 Å,1,N/A,Q16181,0,N/A,N/A,
6UQQ,2.75 Å,2,N/A,Q9UH03,1,T282Y,N/A,
7KKP,1.4 Å,1,N/A,O95271,0,N/A,N/A,
6URQ,2.05 Å,2,N/A,O60829,0,N/A,N/A,
6UUQ,1.849 Å,1,N/A,Q08209,0,N/A,N/A,
6UUQ,1.849 Å,2,N/A,P53805,2,"V158I, H159T",N/A,
6UX9,1.71 Å,1,N/A,P48426,0,N/A,N/A,
6UY9,1.6 Å,1,N/A,Q96MF2,2,"P269R, W284S",N/A,
6VB2,1.41 Å,1,N/A,F4NBQ8,0,N/A,N/A,
6UZS,1.9 Å,1,N/A,D9J307,0,N/A,N/A,
6V06,2.4 Å,1,N/A,P02749,0,N/A,N/A,
6V0N,2.11 Å,3,N/A,Q9BRS2,0,N/A,N/A,
6V0O,2.86 Å,3,N/A,P54105,0,N/A,N/A,
6V1A,2.29 Å,3,N/A,P02675,0,N/A,N/A,
6V0Z,2.02 Å,1,N/A,P49419,1,R441C,N/A,
6V2E,1.83 Å,1,N/A,O60895,2,"L106R,RAMP2 L106R",N/A,
6V2E,1.83 Å,2,N/A,P35318,4,"S45R, K46L, S48G, Q50W",N/A,
6V2O,1.27 Å,1,N/A,U6BR87,0,N/A,N/A,
6V2O,1.27 Å,3,N/A,P35221,0,N/A,N/A,
6V2P,1.3 Å,1,N/A,I3ZN84,0,N/A,N/A,
6V3J,1.98 Å,4,N/A,P43629,0,N/A,N/A,
6V3W,2.04 Å,1,N/A,Q9H0J9,4,"F570V,A573G,Q577H,Y607F",N/A,
6V3Y,1.63 Å,2,N/A,Q96JN0,0,N/A,N/A,
6V5A,2 Å,1,N/A,Q12791,1,L390P,N/A,
6V6F,2.542 Å,1,N/A,Q7Z699,0,N/A,N/A,
6V6F,2.542 Å,2,N/A,P21359,0,N/A,N/A,
7KIA,2.22 Å,1,N/A,P21802,1,V564F,N/A,
7K4H,1.65 Å,1,N/A,P05089,0,N/A,N/A,
6V7N,2.62 Å,1,N/A,P38571,3,"N51Q, N80Q, N300Q",N/A,
6V7Y,2.4 Å,1,N/A,P15813,0,N/A,N/A,
7JZQ,1.35 Å,1,N/A,Q9HD26,0,N/A,N/A,
7KWM,2.3 Å,1,N/A,Q13363,2,"L182F, V185T",N/A,
7LK1,1.79 Å,1,N/A,P04181,0,N/A,N/A,
6VBE,1.899 Å,1,N/A,P07954,1,H180R,N/A,
8BWG,1.32 Å,1,N/A,P01112,0,N/A,N/A,
6V9G,2.35 Å,1,N/A,Q86UX7,2,"166-194 deleted,344-493 deleted",N/A,
7AZ2,1.081 Å,2,N/A,Q13526,0,N/A,N/A,
7ZVE,2.28 Å,1,N/A,P11413,0,N/A,N/A,
6VAX,2.59 Å,1,N/A,P31040,0,N/A,N/A,
6VAX,2.59 Å,2,N/A,Q9NX18,0,N/A,N/A,
6VB2,1.41 Å,3,N/A,Q9BYJ1,0,N/A,N/A,
6VB3,2 Å,1,N/A,F4NBQ1,0,N/A,N/A,
6VBA,1.8 Å,1,N/A,P13051,0,N/A,N/A,
6VC2,1.697 Å,1,N/A,O00482,0,N/A,N/A,
6VEO,2.4 Å,1,N/A,Q9ULI0,0,N/A,N/A,
7KD6,2.6 Å,4,N/A,P06213,1,Y171H,N/A,
7KTN,1.33 Å,1,N/A,Q9NP87,0,N/A,N/A,
7KFN,2.5 Å,1,N/A,P78563,0,N/A,N/A,
6VG3,1.95 Å,1,N/A,Q13308,0,N/A,N/A,
6VGC,2.37 Å,1,N/A,P20292,0,N/A,N/A,
7JNY,1.88 Å,1,N/A,O43927,0,N/A,N/A,
6VGO,1.82 Å,1,N/A,Q9H4B8,0,N/A,N/A,
6VHI,2.46 Å,1,N/A,Q9H6K1,0,N/A,N/A,
7UCZ,1.08 Å,1,N/A,P50120,0,N/A,N/A,
6VJJ,1.4 Å,2,N/A,P04049,0,N/A,N/A,
7KZ0,1.57 Å,1,N/A,O95243,0,N/A,N/A,
6VKJ,2.105 Å,1,N/A,P32456,0,N/A,N/A,
6VL4,1.4 Å,1,N/A,O14684,0,N/A,N/A,
7QPJ,1.54 Å,1,N/A,A0A140T913,0,N/A,N/A,
6VM7,2.41 Å,5,N/A,P40967,0,N/A,N/A,
7NLC,1.398 Å,1,N/A,Q99816,0,N/A,N/A,
6VME,2.19 Å,2,N/A,Q9H9H4,0,N/A,N/A,
6VME,2.19 Å,3,N/A,Q96EY5,0,N/A,N/A,
6VME,2.19 Å,4,N/A,Q9UK41,0,N/A,N/A,
6VMJ,2.95 Å,3,N/A,P00746,0,N/A,N/A,
6VO4,1.74 Å,1,N/A,Q16548,0,N/A,N/A,
7L1C,1.96 Å,3,N/A,P42336,0,N/A,N/A,
7BAA,1.1 Å,2,N/A,P03372,0,N/A,N/A,
6VPM,1.58 Å,1,N/A,O14965,0,N/A,N/A,
6VPY,2.36 Å,1,N/A,Q8N355,0,N/A,N/A,
6VPY,2.36 Å,2,N/A,Q6GMX6,0,N/A,N/A,
7CIQ,1.59 Å,1,N/A,O78189,0,N/A,N/A,
7KP6,1.79 Å,1,N/A,Q07912,0,N/A,N/A,
8ALX,1.1 Å,1,N/A,Q9NZQ7,0,N/A,N/A,
6VR6,2.5 Å,1,N/A,P49189,0,N/A,N/A,
6VRD,1.299 Å,1,N/A,O60930,1,D210N,N/A,
7MU6,2.165 Å,1,N/A,Q99683,0,N/A,N/A,
6VRF,1.5 Å,1,N/A,Q6IQ55,0,N/A,N/A,
6VRR,1.45 Å,1,N/A,O60939,1,R137H,N/A,
6VSV,1.62 Å,1,N/A,Q8IWT1,1,I80T,N/A,
6VTO,1.69 Å,1,N/A,P47929,0,N/A,N/A,
6VTU,2.61 Å,1,N/A,S6B291,0,N/A,N/A,
6VTU,2.61 Å,2,N/A,Q6IPQ0,0,N/A,N/A,
6VTX,2.14 Å,1,N/A,O43474,0,N/A,N/A,
6VUA,1.5 Å,1,N/A,P28907,4,"N100D, N164A, N209D, N219D",N/A,
6VXR,2.1 Å,1,N/A,Q14680,0,N/A,N/A,
7M10,1.15 Å,2,N/A,Q99986,0,N/A,N/A,
6W92,1.3 Å,1,N/A,Q96T88,0,N/A,N/A,
7TC3,1.252 Å,1,N/A,P27695,0,N/A,N/A,
6W2G,1.1 Å,1,N/A,P54725,1,Y188G,N/A,
6W2J,2.62 Å,1,N/A,P31327,0,N/A,N/A,
7PAX,2 Å,1,N/A,Q86SQ9,0,N/A,N/A,
7PAX,2 Å,2,N/A,Q96E22,0,N/A,N/A,
7MN9,1.24 Å,1,N/A,P18031,2,"F225Y, R199N",N/A,
6W36,2.854 Å,1,N/A,Q5VWP2,0,N/A,N/A,
6W39,1.736 Å,1,N/A,O75460,0,N/A,N/A,
7R4P,1.37 Å,1,N/A,Q9UJM8,0,N/A,N/A,
6W7J,1.489 Å,1,N/A,Q9NUW8,0,N/A,N/A,
6Z6Y,1.34 Å,1,N/A,O00214,0,N/A,N/A,
7JR8,1.13 Å,1,N/A,O60760,0,N/A,N/A,
6W5B,1.15 Å,1,N/A,P07320,1,N125D,N/A,
6W65,2.13 Å,1,N/A,Q8N5Y8,0,N/A,N/A,
6W6C,2.38 Å,1,N/A,Q9UNQ2,0,N/A,N/A,
7QGJ,1.3 Å,1,N/A,Q13490,0,N/A,N/A,
6W7Z,1.8 Å,2,N/A,Q9NVW2,0,N/A,N/A,
6W9A,2.3 Å,1,N/A,Q96LR5,0,N/A,N/A,
6W9G,1.82 Å,1,N/A,P29965,0,N/A,N/A,
6W9M,1.59 Å,2,N/A,Q15466,0,N/A,N/A,
7ZT7,1.84 Å,1,N/A,Q95460,0,N/A,N/A,
6WAB,2.28 Å,1,N/A,P56470,0,N/A,N/A,
7NR4,2.03 Å,1,N/A,Q96LA8,0,N/A,N/A,
6WAV,1.7 Å,1,N/A,O43189,0,N/A,N/A,
6WAU,1.75 Å,2,N/A,Q16695,0,N/A,N/A,
6WAU,1.75 Å,1,N/A,Q5T6S3,0,N/A,N/A,
6WAX,1.5 Å,1,N/A,P20936,2,"C372S, C402S",N/A,
6WAY,1.5 Å,2,N/A,Q9NRY4,0,N/A,N/A,
6WB3,1.35 Å,1,N/A,O43236,0,N/A,N/A,
6WBC,2.15 Å,2,N/A,P40692,1,R472K,N/A,
6WBE,2.1 Å,1,N/A,Q8WYJ6,0,N/A,N/A,
7KBG,1.26 Å,1,N/A,Q92769,0,N/A,N/A,
6WC2,2.1 Å,1,N/A,Q02078,0,N/A,N/A,
6WC2,2.1 Å,4,N/A,P52952,0,N/A,N/A,
6WC5,2.9 Å,1,N/A,Q02080,0,N/A,N/A,
6WCU,1.8 Å,1,N/A,Q99719,0,N/A,N/A,
6WCV,1.52 Å,1,N/A,P53597,0,N/A,N/A,
6WCV,1.52 Å,2,N/A,Q96I99,0,N/A,N/A,
7F6J,2.1 Å,1,N/A,P51149,1,Q67L,N/A,
6WCW,2.8 Å,2,N/A,Q92622,0,N/A,N/A,
6WDP,2.01 Å,1,N/A,P42701,0,N/A,N/A,
7D2C,1.56 Å,1,N/A,Q460N5,0,N/A,N/A,
6YNP,1.1 Å,1,N/A,Q96MU7,0,N/A,N/A,
6WFJ,2.5 Å,1,N/A,P22413,0,N/A,N/A,
6WFN,1.07 Å,1,N/A,Q9GZZ1,0,N/A,N/A,
6WG4,2.31 Å,1,N/A,Q14683,0,N/A,N/A,
6WG4,2.31 Å,2,N/A,Q9UQE7,0,N/A,N/A,
6WG5,2.6 Å,1,N/A,Q9Y227,0,N/A,N/A,
6WGL,2.82 Å,3,N/A,P24394,0,N/A,N/A,
6WH1,2.4 Å,1,N/A,P18887,0,N/A,N/A,
6WH1,2.4 Å,2,N/A,P49916,1,C922S,N/A,
6WH6,2.25 Å,1,N/A,Q9Y6N5,0,N/A,N/A,
6WHB,1.90032055102 Å,1,N/A,Q13233,0,N/A,N/A,
6WI7,1.702 Å,1,N/A,P35226,0,N/A,N/A,
6WMH,2.3 Å,1,N/A,P01861,10,"M252Y, S254T, T256E, N297D, L351F, S354E, T366R, P395K, F405R, Y407E",N/A,
6WIH,1.9 Å,1,N/A,Q9Y697,0,N/A,N/A,
6WIH,1.9 Å,2,N/A,Q9HD34,0,N/A,N/A,
6WIH,1.9 Å,4,N/A,Q9H1K1,1,S11H,N/A,
7Z2M,1.899 Å,3,N/A,Q16552,0,N/A,N/A,
6WJH,2.19 Å,1,N/A,O94913,0,N/A,N/A,
7BED,1.26 Å,1,N/A,P61964,0,N/A,N/A,
6WJQ,2.71 Å,2,N/A,O15530,0,N/A,N/A,
6WJZ,1.8 Å,1,N/A,Q9H477,0,N/A,N/A,
6WK2,1.76 Å,1,N/A,P63261,1,H73M,N/A,
6WK2,1.76 Å,2,N/A,Q86TU7,1,N255V,N/A,
7RWG,0.97 Å,1,N/A,P31153,0,N/A,N/A,
6WKU,1.76 Å,1,N/A,P29400,0,N/A,N/A,
8A0F,1.64 Å,1,N/A,P49366,1,K329A,N/A,
8AHG,1.885 Å,1,N/A,O96013,1,L310A,N/A,
7AFW,1.814 Å,1,N/A,P35222,0,N/A,N/A,
8AAU,1.74 Å,1,N/A,P53667,0,N/A,N/A,
6WM1,1.8 Å,1,N/A,P62993,0,N/A,N/A,
6WM8,2.6 Å,1,N/A,Q9UQ80,0,N/A,N/A,
6WMD,1.5 Å,1,N/A,Q9UH99,0,N/A,N/A,
6WME,1.53 Å,2,N/A,Q6ZMZ3,0,N/A,N/A,
6WMI,2.75 Å,1,N/A,Q86VK4,0,N/A,N/A,
6WMM,1.548 Å,1,N/A,Q9NY97,0,N/A,N/A,
6WMS,2 Å,1,N/A,Q14995,0,N/A,N/A,
6XZZ,1.39 Å,2,N/A,O75376,0,N/A,N/A,
6WMW,2.91 Å,1,N/A,Q6UXV0,0,N/A,N/A,
7LRU,1.6 Å,1,N/A,P23246,0,N/A,N/A,
7LRQ,2.3 Å,2,N/A,Q15233,0,N/A,N/A,
6WN4,2.8 Å,3,N/A,P06858,0,N/A,N/A,
6WN7,1.25 Å,1,N/A,P33763,2,"C43S, C80S",N/A,
6WNA,2.4 Å,1,N/A,P55899,0,N/A,N/A,
7AFU,1.56 Å,1,N/A,Q96SD1,1,H33A,N/A,
6WNX,2.5 Å,1,N/A,Q9UKB1,0,N/A,N/A,
6WNX,2.5 Å,2,N/A,P63208,0,N/A,N/A,
6WOC,1.35 Å,1,N/A,O95989,0,N/A,N/A,
6WP3,1.84 Å,1,N/A,P14618,1,K433Q,N/A,
6Z1T,2.31 Å,1,N/A,Q99558,0,N/A,N/A,
6WPQ,1.1 Å,1,N/A,P22626,1,D290V,N/A,
6WQ1,2.295 Å,1,N/A,Q9NS86,0,N/A,N/A,
6WQU,2.41 Å,4,N/A,Q9UM47,0,N/A,N/A,
7SZC,1.71 Å,2,N/A,Q9Y3C4,0,N/A,N/A,
7SZC,1.71 Å,1,N/A,Q96S44,0,N/A,N/A,
6WR1,1.85 Å,1,N/A,P05093,1,N52Y,N/A,
6Y76,1.98 Å,1,N/A,P02786,0,N/A,N/A,
6WS0,2.24 Å,1,N/A,Q9UBZ9,0,N/A,N/A,
6WS0,2.24 Å,3,N/A,O60673,0,N/A,N/A,
7TWU,2.1 Å,1,N/A,P11086,0,N/A,N/A,
6WU7,1.84 Å,1,N/A,Q96Q77,2,"E150Q, K151H",N/A,
7PPM,1.48 Å,1,N/A,Q06124,1,catalytic inactivation: C213S,N/A,
6WUR,2.882 Å,1,N/A,Q12974,1,C101D,N/A,
6WUR,2.882 Å,2,N/A,Q8NE01,0,N/A,N/A,
6WVG,2.9 Å,1,N/A,P19397,0,N/A,N/A,
7Q42,1.95002486823 Å,1,N/A,O95714,0,N/A,N/A,
6WX8,2.3 Å,2,N/A,P48431,0,N/A,N/A,
7LFC,2.1 Å,1,N/A,O00629,0,N/A,N/A,
6WX9,2.8 Å,1,N/A,P52294,0,N/A,N/A,
8CGC,1.925 Å,1,N/A,P07333,1,S688A,N/A,
6WXK,2.9 Å,1,N/A,Q9BUL5,0,N/A,N/A,
7OW1,1.4 Å,1,N/A,P05067,0,N/A,N/A,
6WY7,2.089 Å,1,N/A,P05164,0,N/A,N/A,
8B7O,1.17 Å,1,N/A,P02794,0,N/A,N/A,
6X27,2.12 Å,1,N/A,P36776,0,N/A,N/A,
6WZM,2.28 Å,3,N/A,P10145,0,N/A,N/A,
6WZW,1.69 Å,1,N/A,Q9NR48,0,N/A,N/A,
6WZZ,1.6 Å,1,N/A,Q8IVV7,0,N/A,N/A,
7PRJ,1.2 Å,1,N/A,P00748,0,N/A,N/A,
6X1G,1.6 Å,2,N/A,P63000,0,N/A,N/A,
7Q5V,1.17 Å,2,N/A,Q99814,0,N/A,N/A,
6X21,1.54 Å,2,N/A,P27540,1,E362R,N/A,
6X23,2.154 Å,2,N/A,Q92806,0,N/A,N/A,
7B7R,1.7 Å,1,N/A,Q02750,0,N/A,N/A,
6X2R,2.299 Å,4,N/A,Q9NRA8,0,N/A,N/A,
7V0G,1.63 Å,2,N/A,P61925,0,N/A,N/A,
6X2Y,2.304 Å,4,N/A,Q9NSV4,0,N/A,N/A,
6X3A,1.77 Å,1,N/A,P23468,0,N/A,N/A,
6X3L,2.7 Å,1,N/A,Q99523,0,N/A,N/A,
7UXM,1.2 Å,1,N/A,P62937,0,N/A,N/A,
6X5G,1.85 Å,1,N/A,Q9UQM7,2,"D135N, Q223K",N/A,
6X5G,1.85 Å,2,N/A,Q96NW7,0,N/A,N/A,
6X5H,2.25 Å,1,N/A,Q9BYC5,0,N/A,N/A,
6X5P,1.997 Å,1,N/A,P00740,1,A138R,N/A,
6X5Q,2.14 Å,2,N/A,P42261,0,N/A,N/A,
8A9G,1.961 Å,2,N/A,P04150,0,N/A,N/A,
6X7V,2.3 Å,1,N/A,Q96DE0,0,N/A,N/A,
7JRA,2.1 Å,1,N/A,P01375,1,YES,N/A,
7UYU,2.05 Å,1,N/A,P29597,0,N/A,N/A,
7LVM,1.47 Å,1,N/A,Q14790,0,N/A,N/A,
6X8I,1.5 Å,1,N/A,P42574,0,N/A,N/A,
6X8L,2.45 Å,1,N/A,P55210,0,N/A,N/A,
6X8Z,2.5 Å,1,N/A,Q9H3L0,1,C262S,N/A,
7QRS,1.77 Å,1,N/A,Q14160,0,N/A,N/A,
6XA6,1.95 Å,2,N/A,Q9ULK5,0,N/A,N/A,
7S6P,2.15 Å,1,N/A,P05161,0,N/A,N/A,
6XAT,2.2 Å,1,N/A,Q8IVH2,0,N/A,N/A,
6XAX,2.4 Å,1,N/A,P02751,0,N/A,N/A,
6XAZ,1.7 Å,1,N/A,Q9NQX1,0,N/A,N/A,
6XC9,2.4 Å,1,N/A,Q30069,1,I72C,N/A,
6XC9,2.4 Å,2,N/A,O19707,0,N/A,N/A,
6XCG,1.64 Å,1,N/A,O96028,0,N/A,N/A,
7DY4,1.3 Å,1,N/A,P69905,0,N/A,N/A,
7DY4,1.3 Å,2,N/A,P68871,0,N/A,N/A,
6XF1,2.8 Å,1,N/A,Q8WXH0,0,N/A,N/A,
6XF1,2.8 Å,2,N/A,Q9Y613,0,N/A,N/A,
7ZKU,1.7 Å,1,N/A,Q86WV6,0,N/A,N/A,
6XFI,2 Å,1,N/A,Q8NAT1,0,N/A,N/A,
6XI4,2.22 Å,1,N/A,O95671,0,N/A,N/A,
7S5H,1.272 Å,1,N/A,Q8NBP7,0,N/A,N/A,
7OL3,1.9 Å,1,N/A,Q8WXF7,0,N/A,N/A,
6XJO,2.1 Å,1,N/A,Q6DD88,0,N/A,N/A,
6XKB,1.6 Å,1,N/A,O95104,0,N/A,N/A,
6XKG,1.55 Å,1,N/A,Q9Y663,0,N/A,N/A,
7WSL,1.534 Å,2,N/A,Q15116,0,N/A,N/A,
6XLV,1.4 Å,1,N/A,P26368,1,N196K,N/A,
6XM2,1.91 Å,3,N/A,P61812,0,N/A,N/A,
6XML,1.88 Å,1,N/A,P04075,1,I98C,N/A,
6XNK,2.08 Å,1,N/A,P99999,1,K72A,N/A,
7MU8,1.7 Å,1,N/A,P13688,0,N/A,N/A,
6XOG,1.98 Å,1,N/A,Q9UBE0,0,N/A,N/A,
6XOG,1.98 Å,2,N/A,Q9UBT2,0,N/A,N/A,
6XOG,1.98 Å,3,N/A,P63165,0,N/A,N/A,
6XP1,1.75 Å,1,N/A,P32322,0,N/A,N/A,
6XP6,2.4 Å,1,N/A,P01909,0,N/A,N/A,
6XP6,2.4 Å,2,N/A,Q5Y7D3,0,N/A,N/A,
7LD9,1.42 Å,1,N/A,P19440,1,V272A,N/A,
6XQ1,1.51 Å,1,N/A,Q15109,0,N/A,N/A,
7JYV,1.51 Å,1,N/A,A0A5H2UYS3,0,N/A,N/A,
7JWE,2.55 Å,1,N/A,P48736,0,N/A,N/A,
6XS7,1.58 Å,1,N/A,Q9UBQ0,0,N/A,N/A,
8BBH,1.619 Å,1,N/A,P06744,0,N/A,N/A,
8AK8,1.73 Å,1,N/A,Q8N6T7,0,N/A,N/A,
7ZW8,2.119 Å,1,N/A,P10721,0,N/A,N/A,
6XVJ,1.78 Å,1,N/A,P35968,1,E990V,N/A,
7AEW,1.2 Å,2,N/A,P15144,0,N/A,N/A,
7WQQ,1.9 Å,1,N/A,P10276,1,N299H,N/A,
7T2U,2.1 Å,2,N/A,Q9Y6K9,0,N/A,N/A,
6XXF,1.7 Å,1,N/A,P0DP24,0,N/A,N/A,
7P0U,1.99374263399 Å,2,N/A,O00198,0,N/A,N/A,
6XZ1,2.3 Å,1,N/A,Q5H924,0,N/A,N/A,
6XZ3,2.19 Å,1,N/A,Q9H1K6,0,N/A,N/A,
6XZ9,2.77 Å,1,N/A,P19099,0,N/A,N/A,
6Y09,2.4 Å,1,N/A,Q9H082,1,Q92L,N/A,
6Y0F,2.924 Å,1,N/A,Q12884,0,N/A,N/A,
6Y0M,1.5 Å,1,N/A,P06734,4,"N225D, K229E, S252N, T251N",N/A,
6Y2X,1.77 Å,1,N/A,Q86UW9,0,N/A,N/A,
6Y26,1.2 Å,1,N/A,A0A6B7HFJ9,0,N/A,N/A,
6Y29,1.28 Å,1,N/A,A0A2R7Z5J3,0,N/A,N/A,
6Y2H,2.154 Å,1,N/A,Q9NZA1,0,N/A,N/A,
7KH8,1.3 Å,1,N/A,P24666,0,N/A,N/A,
6Y2Z,2.15 Å,1,N/A,P61011,0,N/A,N/A,
6Y32,2.6 Å,2,N/A,P08240,0,N/A,N/A,
6Y3O,1.5 Å,2,N/A,Q96RR4,0,N/A,N/A,
6Y3R,1.5 Å,2,N/A,Q9UQC2,0,N/A,N/A,
6Y3V,1.499 Å,2,N/A,P05412,0,N/A,N/A,
6Y40,1.75 Å,1,N/A,P26678,0,N/A,N/A,
6Y4L,2.2 Å,1,N/A,Q15006,0,N/A,N/A,
6Y4L,2.2 Å,2,N/A,Q9Y3B6,0,N/A,N/A,
6Y73,1.7 Å,1,N/A,A1Z1Q3,0,N/A,N/A,
6Y5P,1.74 Å,1,N/A,Q86Y01,0,N/A,N/A,
6Y6C,2.26 Å,1,N/A,Q9NZC2,0,N/A,N/A,
6Y6N,2.03 Å,1,N/A,P08476,0,N/A,N/A,
6Y7F,2.052 Å,1,N/A,A1L3X0,0,N/A,N/A,
6Y7G,2.3 Å,1,N/A,Q96E17,0,N/A,N/A,
6Y7K,1.2 Å,1,N/A,Q9H8M2,0,N/A,N/A,
6Y7Q,1.39 Å,1,N/A,Q9NS40,0,N/A,N/A,
6Y8D,1.51 Å,2,N/A,P42575,0,N/A,N/A,
6Y8E,1.42 Å,2,N/A,P58340,0,N/A,N/A,
6Y8I,1.46 Å,1,N/A,P01584,0,N/A,N/A,
6Y8K,2.011 Å,1,N/A,Q07011,0,N/A,N/A,
6Y8P,2.3 Å,1,N/A,E5BBQ0,0,N/A,N/A,
6Y9Q,1.315 Å,2,N/A,Q4KMQ1,0,N/A,N/A,
6YA6,1.44 Å,1,N/A,O00311,0,N/A,N/A,
6YA6,1.44 Å,2,N/A,Q9UBU7,0,N/A,N/A,
6YA7,1.67 Å,3,N/A,P49736,0,N/A,N/A,
6YAU,1.397 Å,1,N/A,P07306,0,N/A,N/A,
8BHC,1.56 Å,1,N/A,P08263,0,N/A,N/A,
6YAX,2.8 Å,3,N/A,P31995,0,N/A,N/A,
6YB8,2.36 Å,1,N/A,P22234,0,N/A,N/A,
7LCU,1.24 Å,1,N/A,P09958,0,N/A,N/A,
6YDV,2.07 Å,1,N/A,A4FUT8,0,N/A,N/A,
7M2G,1.79 Å,1,N/A,P60568,2,"P65K, C125S",N/A,
7WZZ,1.305 Å,3,N/A,P02545,0,N/A,N/A,
6YZ4,1.7 Å,1,N/A,O14733,0,N/A,N/A,
6YGJ,2.07 Å,1,N/A,P31946,0,N/A,N/A,
8BTQ,1.6 Å,2,N/A,Q9NP71,0,N/A,N/A,
8BW6,1.95 Å,1,N/A,Q8WZ42,0,N/A,N/A,
6YJY,1.67 Å,1,N/A,Q16769,0,N/A,N/A,
6YIB,1.7 Å,2,N/A,P84022,0,N/A,N/A,
6YIC,1.6 Å,2,N/A,Q13485,0,N/A,N/A,
6YID,2.7 Å,1,N/A,Q8IYT8,0,N/A,N/A,
6YIF,1.81 Å,1,N/A,O15392,0,N/A,N/A,
6YIF,1.81 Å,2,N/A,Q53HL2,0,N/A,N/A,
6YIF,1.81 Å,3,N/A,Q9NQS7,0,N/A,N/A,
6YIO,1.83 Å,1,N/A,P01589,0,N/A,N/A,
6YIP,1.43 Å,1,N/A,O95235,0,N/A,N/A,
6YJM,2.25 Å,1,N/A,Q9UNA0,1,L282K,N/A,
6YJS,1.6 Å,1,N/A,Q09328,0,N/A,N/A,
7AQB,2.25 Å,1,N/A,Q16659,0,N/A,N/A,
6YL4,2.001 Å,1,N/A,P34913,0,N/A,N/A,
6YLU,1.88 Å,2,N/A,Q8WV28,0,N/A,N/A,
7ZIT,1.79 Å,1,N/A,P63104,0,N/A,N/A,
6YN1,2.35 Å,5,N/A,Q8IW19,0,N/A,N/A,
7A41,2.13 Å,1,N/A,Q9UDY8,0,N/A,N/A,
6YOO,1.06 Å,1,N/A,Q9H0R8,0,N/A,N/A,
6YOO,1.06 Å,2,N/A,Q9Y512,0,N/A,N/A,
6YOP,1.1 Å,1,N/A,O95166,0,N/A,N/A,
6YPE,1.45 Å,1,N/A,Q15818,0,N/A,N/A,
7C3Y,1.632 Å,1,N/A,O15151,0,N/A,N/A,
6Z4A,1.46 Å,1,N/A,Q6UVJ0,0,N/A,N/A,
6YT2,1.8 Å,1,N/A,P27338,0,N/A,N/A,
6YT7,1.55 Å,2,N/A,P01857,0,N/A,N/A,
6Z53,1.65 Å,1,N/A,P49761,0,N/A,N/A,
7O2C,1.52 Å,1,N/A,Q9H7B4,0,N/A,N/A,
7OUZ,0.9 Å,1,N/A,P11172,0,N/A,N/A,
6YVP,2.77 Å,1,N/A,Q9BX68,0,N/A,N/A,
7Q5V,1.17 Å,1,N/A,Q9GZT9,0,N/A,N/A,
7QGS,2 Å,1,N/A,Q16665,0,N/A,N/A,
6YWW,2.102 Å,1,N/A,P51608,0,N/A,N/A,
6YX0,1.57 Å,1,N/A,Q9Y566,0,N/A,N/A,
6YXE,2.1 Å,1,N/A,Q86WT6,0,N/A,N/A,
6YXH,2.6 Å,1,N/A,Q9NUN7,0,N/A,N/A,
6YXK,2 Å,3,N/A,P08670,0,N/A,N/A,
6YXQ,2.7 Å,1,N/A,Q8N3C0,0,N/A,N/A,
6YXQ,2.7 Å,2,N/A,Q9H1I8,0,N/A,N/A,
6YYR,1.3 Å,1,N/A,P25774,0,N/A,N/A,
6YYX,1.53 Å,1,N/A,Q12797,0,N/A,N/A,
6YYX,1.53 Å,2,N/A,P00742,0,N/A,N/A,
7SJP,2.1 Å,1,N/A,Q92743,0,N/A,N/A,
8AF3,1.52 Å,1,N/A,P51659,0,N/A,N/A,
6Z2F,1.7 Å,1,N/A,Q16222,0,N/A,N/A,
6Z2G,1.95 Å,1,N/A,Q7RTR0,0,N/A,N/A,
6Z2H,1.8 Å,1,N/A,P53396,0,N/A,N/A,
7OXW,1.16 Å,1,N/A,P29373,0,N/A,N/A,
6Z3E,2.80038678769 Å,1,N/A,Q96F15,0,N/A,N/A,
7ZJF,1.3 Å,1,N/A,P43026,0,N/A,N/A,
6Z3G,2.78 Å,2,N/A,Q96B86,0,N/A,N/A,
6Z3J,1.65 Å,2,N/A,Q6NW40,0,N/A,N/A,
6Z3L,2.513 Å,2,N/A,Q6ZVN8,0,N/A,N/A,
6Z3V,1.25 Å,1,N/A,P00441,1,A4V,N/A,
6Z49,2 Å,1,N/A,Q8NBR6,0,N/A,N/A,
6Z57,1.5 Å,1,N/A,Q8TF76,0,N/A,N/A,
6Z6V,2.19 Å,1,N/A,P02745,0,N/A,N/A,
6Z6V,2.19 Å,2,N/A,P02746,0,N/A,N/A,
6Z6V,2.19 Å,3,N/A,P02747,0,N/A,N/A,
7ALC,1.726 Å,1,N/A,P30793,0,N/A,N/A,
6Z8L,1.40000369636 Å,1,N/A,P04746,0,N/A,N/A,
6Z9C,2.8 Å,1,N/A,Q9Y2S7,0,N/A,N/A,
6Z9U,2.10001777636 Å,1,N/A,Q9BSV6,0,N/A,N/A,
6Z9U,2.10001777636 Å,2,N/A,Q8WW01,0,N/A,N/A,
6Z9W,2.7 Å,3,N/A,P13726,0,N/A,N/A,
6ZBK,1.49 Å,1,N/A,Q9H6T3,0,N/A,N/A,
6ZBK,1.49 Å,2,N/A,Q15633,0,N/A,N/A,
6ZBQ,1.43 Å,1,N/A,Q92997,0,N/A,N/A,
6ZBT,1.799485197 Å,1,N/A,P61981,1,S235Stop,N/A,
7LP1,1.35 Å,1,N/A,Q96PU5,0,N/A,N/A,
6ZCJ,1.53 Å,2,N/A,Q13094,0,N/A,N/A,
6ZFN,1.1 Å,1,N/A,Q5SRI9,1,E404Q,N/A,
6ZR6,1.5 Å,1,N/A,Q9BPX1,0,N/A,N/A,
7RG8,1.3 Å,1,N/A,Q9Y251,26,"N178K, A195S, L197G, S212A, S219D, L230R, D234G, E244K, Q248H, R273G, S292A, R307L, I318T, S322Q, F327L, L354G, S426Q, K427D, K477Q, L483H, H486D, L498Q, M512K, E513P, S530A, A540P",N/A,
6ZE8,1.5 Å,1,N/A,Q13231,0,N/A,N/A,
6ZE9,2.9 Å,1,N/A,Q96JC1,0,N/A,N/A,
6ZEG,1.09 Å,1,N/A,P62136,1,N-terminal Vector derived sequence GHMGS,N/A,
6ZEG,1.09 Å,2,N/A,Q9C0D0,1,N-terminal Vector derived sequence GPLGS,N/A,
6ZH1,2.2 Å,2,N/A,P08603,0,N/A,N/A,
7Z76,1.32 Å,3,N/A,P40337,0,N/A,N/A,
7Z76,1.32 Å,1,N/A,Q15370,0,N/A,N/A,
7Z76,1.32 Å,2,N/A,Q15369,0,N/A,N/A,
6ZHO,1.6 Å,1,N/A,O60894,0,N/A,N/A,
6ZJE,1.48 Å,1,N/A,Q9UIJ7,0,N/A,N/A,
6ZJF,1.75 Å,1,N/A,O94768,0,N/A,N/A,
6ZK0,1.47 Å,1,N/A,P29218,0,N/A,N/A,
7P4B,1.72 Å,1,N/A,P13747,0,N/A,N/A,
7N1R,2.03 Å,1,N/A,P11021,2,"L3,4 modification (TASDNQP to VGG)",N/A,
7B7Z,1.7 Å,2,N/A,Q9BVA6,2,"L258D, H363A",N/A,
7NDL,2.223 Å,1,N/A,Q06210,0,N/A,N/A,
6ZMM,2.96 Å,1,N/A,Q92597,0,N/A,N/A,
6ZQZ,1.88 Å,1,N/A,O00408,0,N/A,N/A,
8BS6,1.2 Å,1,N/A,Q7Z739,0,N/A,N/A,
6ZOV,2.19 Å,1,N/A,P98073,0,N/A,N/A,
6ZPD,2.24 Å,1,N/A,P49638,0,N/A,N/A,
7Q27,1.5 Å,1,N/A,P12821,5,"E64G, N90Q, N155Q, N337Q, N586Q",N/A,
6ZQX,1.84 Å,1,N/A,Q8N539,0,N/A,N/A,
6ZWP,1.9 Å,1,N/A,Q16539,0,N/A,N/A,
6ZQS,1.95 Å,2,N/A,P15336,1,S90N,N/A,
6ZRN,1.482 Å,1,N/A,P11234,1,Q72L,N/A,
6ZRN,1.482 Å,2,N/A,Q15311,5,"C411S, E427S, L429M, Q433L, K440R",N/A,
6ZR5,2.699 Å,1,N/A,P45983,0,N/A,N/A,
6ZR7,1.85 Å,1,N/A,O60469,0,N/A,N/A,
7M40,1.88 Å,1,N/A,Q09028,0,N/A,N/A,
6ZRD,2.5 Å,2,N/A,Q13330,0,N/A,N/A,
7AQF,1.77 Å,1,N/A,P05121,0,N/A,N/A,
7TAB,1.16 Å,1,N/A,P51532,0,N/A,N/A,
6ZSI,1.914 Å,2,N/A,Q8NDI1,1,M1116A,N/A,
7NBG,1.53 Å,1,N/A,Q9GZT4,2,"C2D, C6D",N/A,
6ZTB,1.4 Å,1,N/A,P22223,0,N/A,N/A,
7ZKF,1.49 Å,1,N/A,O15178,0,N/A,N/A,
6ZUF,1.798 Å,1,N/A,Q9Y294,0,N/A,N/A,
6ZVQ,2.03 Å,2,N/A,P12755,0,N/A,N/A,
6ZWK,1.55 Å,2,N/A,P16104,0,N/A,N/A,
6ZX9,2.5197288426 Å,1,N/A,Q16531,0,N/A,N/A,
7SSE,1.62 Å,1,N/A,Q9Y4B6,2,"F1077A, R1079A",N/A,
6ZXO,2.6 Å,1,N/A,P04818,0,N/A,N/A,
6ZYI,1.52 Å,1,N/A,P0DMV8,0,N/A,N/A,
6ZYJ,1.85 Å,1,N/A,P11142,0,N/A,N/A,
7F5O,1.7 Å,1,N/A,P17706,0,N/A,N/A,
7A06,1.8 Å,1,N/A,P35790,0,N/A,N/A,
7A0V,2.3 Å,1,N/A,O43426,0,N/A,N/A,
7A16,1.9 Å,1,N/A,P50579,0,N/A,N/A,
7A1F,1.8 Å,1,N/A,Q9H816,0,N/A,N/A,
7R5L,1.7 Å,1,N/A,Q9Y5A9,0,N/A,N/A,
7A2P,0.9 Å,1,N/A,P06241,1,L112V S114N S115T E121L R123H,N/A,
7ZXS,1.81 Å,1,N/A,Q86TI2,0,N/A,N/A,
7OR4,2.44 Å,1,N/A,Q6V1X1,0,N/A,N/A,
7A6O,2.117 Å,1,N/A,L8E853,0,N/A,N/A,
7A78,1.72 Å,1,N/A,P28702,0,N/A,N/A,
7A79,2.05 Å,1,N/A,P48443,0,N/A,N/A,
7A8T,2.69 Å,2,N/A,Q9NP98,0,N/A,N/A,
7A9B,2 Å,1,N/A,Q8WWN8,0,N/A,N/A,
7A9Y,1.64 Å,1,N/A,P29762,1,L29C,N/A,
7AA7,1.45 Å,2,N/A,Q9UIL1,0,N/A,N/A,
7AAH,1.4 Å,1,N/A,Q8WU39,0,N/A,N/A,
7AAK,1.7 Å,1,N/A,P08397,0,N/A,N/A,
7AAL,1.97 Å,1,N/A,O43586,1,G258A,N/A,
7AAM,2.15 Å,2,N/A,Q9Y2R2,0,N/A,N/A,
7AB0,1.74 Å,1,N/A,Q12866,4,"K591R, K693R, K702R, K856R",N/A,
7ALC,1.726 Å,2,N/A,P30047,0,N/A,N/A,
7RX7,1.645 Å,1,N/A,Q86U44,0,N/A,N/A,
7RX7,1.645 Å,2,N/A,Q9HCE5,1,R298P,N/A,
7AD7,2.3 Å,1,N/A,P01031,0,N/A,N/A,
7R59,2 Å,1,N/A,Q9UGN5,0,N/A,N/A,
7AH1,2 Å,1,N/A,A2KBC1,0,N/A,N/A,
7AH8,2.70001356517 Å,1,N/A,P25208,0,N/A,N/A,
7AH8,2.70001356517 Å,2,N/A,Q13952,0,N/A,N/A,
7AI4,2.795 Å,1,N/A,Q07866,0,N/A,N/A,
8A4K,1.95 Å,1,N/A,Q8TB36,0,N/A,N/A,
7DH9,2.194 Å,1,N/A,Q92630,0,N/A,N/A,
7SUF,1.48 Å,1,N/A,O14757,10,"N59L, V68I, L84M, Y86L, C87A, E91S, E134H, S147A, F149Y, G150S",N/A,
7AKO,1.8 Å,2,N/A,Q9HAW4,0,N/A,N/A,
7ARW,1.31 Å,1,N/A,Q9NX46,0,N/A,N/A,
7AL7,1.801 Å,1,N/A,O95998,0,N/A,N/A,
7ALO,1.8 Å,3,N/A,P32241,0,N/A,N/A,
7ALV,2.835 Å,1,N/A,Q96P20,0,N/A,N/A,
7AMD,2.25 Å,1,N/A,P28329,7,"E225A,E226A,E227A,K518A,E519A,K582A,E583A",N/A,
7Q6H,1.749 Å,1,N/A,P52333,0,N/A,N/A,
7AQ1,2.413 Å,1,N/A,Q16820,0,N/A,N/A,
7ARX,2.42 Å,1,N/A,P48740,0,N/A,N/A,
7ASG,2 Å,1,N/A,Q15582,1,R555W,N/A,
7ASV,1.55 Å,1,N/A,Q9NVU0,0,N/A,N/A,
7XV0,1.5 Å,2,N/A,P54132,0,N/A,N/A,
8AOJ,1.12 Å,1,N/A,P28482,0,N/A,N/A,
8AVA,1.354 Å,1,N/A,P09960,0,N/A,N/A,
7AVC,1.2 Å,1,N/A,Q9NWS0,0,N/A,N/A,
8BZL,2.14 Å,8,N/A,P60900,0,N/A,N/A,
8BZL,2.14 Å,2,N/A,P25787,0,N/A,N/A,
8BZL,2.14 Å,3,N/A,P25789,0,N/A,N/A,
8BZL,2.14 Å,4,N/A,O14818,0,N/A,N/A,
8BZL,2.14 Å,5,N/A,P28066,0,N/A,N/A,
8BZL,2.14 Å,6,N/A,P25786,0,N/A,N/A,
8BZL,2.14 Å,7,N/A,P25788,0,N/A,N/A,
7AWE,2.288 Å,8,N/A,P28065,0,N/A,N/A,
7AWE,2.288 Å,9,N/A,P40306,0,N/A,N/A,
8BZL,2.14 Å,1,N/A,P49720,0,N/A,N/A,
8BZL,2.14 Å,10,N/A,P49721,0,N/A,N/A,
7AWE,2.288 Å,12,N/A,P28062,0,N/A,N/A,
8BZL,2.14 Å,12,N/A,P20618,0,N/A,N/A,
8BZL,2.14 Å,13,N/A,P28070,0,N/A,N/A,
7AYB,1.85 Å,1,N/A,Q9BV79,0,N/A,N/A,
7AZB,2.62 Å,1,N/A,Q16832,0,N/A,N/A,
7T58,2.05333123838 Å,1,N/A,Q13105,0,N/A,N/A,
7AZX,2.25 Å,2,N/A,Q7Z6Z7,0,N/A,N/A,
7B0B,2.98 Å,1,N/A,Q6PIL8,0,N/A,N/A,
7E7C,1.84 Å,1,N/A,Q03111,0,N/A,N/A,
7B1F,1.75 Å,1,N/A,Q9Y6D9,0,N/A,N/A,
7B1F,1.75 Å,2,N/A,O43683,0,N/A,N/A,
7QRV,1.45 Å,1,N/A,Q9C040,0,N/A,N/A,
7B2S,1.5 Å,1,N/A,Q9C026,0,N/A,N/A,
8BZI,1.72 Å,1,N/A,Q9Y6E0,0,N/A,N/A,
7B36,2.10681078505 Å,1,N/A,Q9P289,0,N/A,N/A,
7V3R,1.7 Å,1,N/A,P08581,0,N/A,N/A,
7B51,2.58 Å,2,N/A,O14980,0,N/A,N/A,
7QYO,0.983 Å,1,N/A,Q9UIF9,2,"First two residues SM derive from the expression tag, double mutant E1845H/L1848S.",N/A,
8BOM,1.12 Å,1,N/A,P29317,0,N/A,N/A,
7B9C,2.4 Å,1,N/A,Q15393,0,N/A,N/A,
7B9C,2.4 Å,2,N/A,Q9BWJ5,0,N/A,N/A,
7SN6,1.8 Å,2,N/A,O75533,0,N/A,N/A,
7B9C,2.4 Å,4,N/A,Q7RTV0,0,N/A,N/A,
7BAH,1.89 Å,1,N/A,O95786,0,N/A,N/A,
7BBD,2.2 Å,3,N/A,Q15819,0,N/A,N/A,
7BBG,2.64 Å,3,N/A,P19544,0,N/A,N/A,
7BBL,1.521 Å,1,N/A,Q8WXD5,0,N/A,N/A,
7BBL,1.521 Å,2,N/A,Q9H840,0,N/A,N/A,
7BBL,1.521 Å,3,N/A,Q9NWZ8,0,N/A,N/A,
7BBP,1.99 Å,2,N/A,Q0VAS5,0,N/A,N/A,
7X09,1.7 Å,1,N/A,P07814,0,N/A,N/A,
8BCE,2.05 Å,1,N/A,O75643,0,N/A,N/A,
8BCE,2.05 Å,2,N/A,Q6P2Q9,0,N/A,N/A,
7BEE,1.939 Å,2,N/A,Q96A83,0,N/A,N/A,
7LDG,2.56 Å,1,N/A,O75031,0,N/A,N/A,
8C3N,1.21 Å,2,N/A,P51587,0,N/A,N/A,
7BER,2.3 Å,1,N/A,Q99836,0,N/A,N/A,
7BEU,1.59 Å,1,N/A,P09488,0,N/A,N/A,
7BF1,1.24 Å,2,N/A,P12277,0,N/A,N/A,
7BF2,1.43 Å,2,N/A,P06732,0,N/A,N/A,
7BGF,2.802 Å,1,N/A,Q99708,0,N/A,N/A,
7BHF,1.997 Å,2,N/A,P21860,0,N/A,N/A,
7MRD,1.39 Å,1,N/A,Q58F21,0,N/A,N/A,
7WMT,1.77 Å,1,N/A,P40261,0,N/A,N/A,
7BN2,1.965 Å,1,N/A,Q00610,0,N/A,N/A,
7BN3,1.93 Å,1,N/A,P11940,0,N/A,N/A,
7BP5,1.9 Å,3,N/A,P55209,0,N/A,N/A,
7BPH,1.57 Å,1,N/A,P63092,0,N/A,N/A,
7BPR,1.95 Å,1,N/A,Q9BY14,0,N/A,N/A,
7BQI,1.3 Å,1,N/A,Q9BQS8,0,N/A,N/A,
7BQV,1.8 Å,1,N/A,Q96SW2,1,C366S,N/A,
7BQV,1.8 Å,2,N/A,Q9UJQ4,0,N/A,N/A,
7BR3,2.79 Å,1,N/A,P30968,1,P128K,N/A,
7W67,2.194 Å,1,N/A,Q9UBL3,0,N/A,N/A,
7BRE,2.803 Å,2,N/A,Q9UMN6,0,N/A,N/A,
7W67,2.194 Å,3,N/A,Q15291,0,N/A,N/A,
7BRH,2.45 Å,2,N/A,P01160,0,N/A,N/A,
7BSJ,2.48 Å,1,N/A,P23368,1,R484W,N/A,
7BTD,2 Å,1,N/A,Q15382,1,Y35N,N/A,
7BTN,2.382 Å,1,N/A,Q15181,0,N/A,N/A,
7MZY,1.5 Å,1,N/A,Q9UM73,0,N/A,N/A,
7XUD,1.45 Å,1,N/A,Q96KQ7,0,N/A,N/A,
7BU5,1.8 Å,1,N/A,Q96NY9,0,N/A,N/A,
7BU5,1.8 Å,2,N/A,Q8IY92,0,N/A,N/A,
7BV4,2 Å,2,N/A,P56962,0,N/A,N/A,
7BV7,2.4 Å,1,N/A,Q68E01,0,N/A,N/A,
7BV7,2.4 Å,2,N/A,Q9UL03,0,N/A,N/A,
7BW1,2.8 Å,1,N/A,P31213,0,N/A,N/A,
7BYJ,2.49 Å,1,N/A,Q14CM0,0,N/A,N/A,
7C00,1.7 Å,1,N/A,Q6ZMJ2,0,N/A,N/A,
7U8V,1.448 Å,1,N/A,Q12931,0,N/A,N/A,
7ZOM,1.601 Å,1,N/A,P53816,0,N/A,N/A,
7C4I,1.37 Å,1,N/A,P55201,0,N/A,N/A,
7C5D,2.151 Å,1,N/A,Q15554,0,N/A,N/A,
7C5D,2.151 Å,2,N/A,Q8NEM0,0,N/A,N/A,
7PA2,1.21 Å,1,N/A,Q99497,0,N/A,N/A,
7C6B,1.7 Å,1,N/A,Q9UKV8,0,N/A,N/A,
8BBS,1.4 Å,1,N/A,P42330,0,N/A,N/A,
7C7I,2.28 Å,2,N/A,Q9BYB0,0,N/A,N/A,
7C7W,1.9 Å,2,N/A,Q15648,0,N/A,N/A,
7C94,2.84 Å,3,N/A,Q86YL7,0,N/A,N/A,
7CD9,1.6 Å,1,N/A,Q15047,0,N/A,N/A,
7CBK,2.7 Å,2,N/A,P08246,0,N/A,N/A,
7CBY,1.646 Å,3,N/A,P55316,0,N/A,N/A,
7PVS,1.05 Å,1,N/A,P00519,9,"V73E, A74S, S75R, G76T, D77E, G92N, Y93N, N94T, H95E",N/A,
7CC7,1.45 Å,1,N/A,Q96TC7,0,N/A,N/A,
7CCB,1.62 Å,1,N/A,Q5W111,0,N/A,N/A,
7CCM,2.45 Å,1,N/A,Q5TBC7,0,N/A,N/A,
7CCW,1.4 Å,1,N/A,P53355,0,N/A,N/A,
8A5J,2.123 Å,1,N/A,Q13043,0,N/A,N/A,
7CEB,2.89 Å,1,N/A,P23229,0,N/A,N/A,
7CEB,2.89 Å,2,N/A,P05556,0,N/A,N/A,
7CFZ,1.89 Å,1,N/A,Q86UR1,0,N/A,N/A,
7CIO,1.1 Å,1,N/A,P27986,3,"C656S, C659V, C670L",N/A,
7CIQ,1.59 Å,3,N/A,P18583,0,N/A,N/A,
7CIZ,1.8 Å,1,N/A,P84243,0,N/A,N/A,
7CIZ,1.8 Å,4,N/A,Q8WXX5,1,C243S,N/A,
7CJ2,2.7 Å,3,N/A,P36222,0,N/A,N/A,
7FD0,2 Å,1,N/A,Q13546,0,N/A,N/A,
7CJX,1.98641400743 Å,1,N/A,P54855,1,L446S,N/A,
7CKF,2.284 Å,1,N/A,Q96PP8,0,N/A,N/A,
7WCV,2.3 Å,1,N/A,Q9C0B1,0,N/A,N/A,
7N8T,1.69 Å,1,N/A,P45984,0,N/A,N/A,
7CMR,2.2 Å,1,N/A,Q9H7Z6,0,N/A,N/A,
7CMZ,1.695 Å,1,N/A,Q92547,0,N/A,N/A,
7CMZ,1.695 Å,2,N/A,Q9UPP1,0,N/A,N/A,
7OCB,1.42 Å,1,N/A,Q9Y657,0,N/A,N/A,
7CNA,1.6 Å,2,N/A,Q9BUA3,0,N/A,N/A,
7CNC,1.6 Å,1,N/A,P84090,0,N/A,N/A,
7CNC,1.6 Å,2,N/A,Q8WYQ5,0,N/A,N/A,
7ZJQ,2.095 Å,1,N/A,Q99594,0,N/A,N/A,
7CNU,2 Å,1,N/A,Q96FJ2,0,N/A,N/A,
7CNU,2 Å,2,N/A,Q96LC9,0,N/A,N/A,
7COW,2.86 Å,7,N/A,P07305,0,N/A,N/A,
7CPD,2.506 Å,3,N/A,Q9H169,0,N/A,N/A,
7RJO,1.38 Å,2,N/A,P61978,0,N/A,N/A,
7N9H,2.2 Å,1,N/A,P52292,0,N/A,N/A,
7SPT,2.1 Å,1,N/A,P11169,3,"N43T, S64W, I305W",N/A,
7CSZ,1.8 Å,1,N/A,Q8IUH3,0,N/A,N/A,
7E0B,1.29 Å,1,N/A,Q96L92,0,N/A,N/A,
7CT7,2 Å,1,N/A,P22830,1,R115L,N/A,
7CTP,1.8 Å,1,N/A,Q96TA1,0,N/A,N/A,
7DKM,1.7 Å,1,N/A,O43175,0,N/A,N/A,
7VSL,2.50006900162 Å,1,N/A,O60658,0,N/A,N/A,
7CYL,2.7 Å,1,N/A,Q92973,0,N/A,N/A,
7CYL,2.7 Å,2,N/A,P35637,0,N/A,N/A,
7CYU,2.55 Å,1,N/A,Q969G3,0,N/A,N/A,
7CYZ,2.1 Å,1,N/A,Q9H4L5,2,"L579I, C615R",N/A,
7D0E,1.4 Å,1,N/A,Q8TDY2,0,N/A,N/A,
7CZM,2 Å,2,N/A,Q96CV9,0,N/A,N/A,
7D0E,1.4 Å,2,N/A,Q9ULG6,0,N/A,N/A,
7D0P,1.8 Å,1,N/A,O95251,0,N/A,N/A,
7D0P,1.8 Å,2,N/A,O95696,0,N/A,N/A,
7D2E,1.7 Å,1,N/A,O75334,0,N/A,N/A,
7D2S,1.653 Å,1,N/A,Q15404,0,N/A,N/A,
7D2S,1.653 Å,2,N/A,P48059,0,N/A,N/A,
7D35,2.401 Å,1,N/A,P63167,0,N/A,N/A,
7LIN,1.44 Å,1,N/A,O43791,1,D140G,N/A,
7TRB,2.15 Å,1,N/A,Q96RI1,0,N/A,N/A,
7D4A,2.201 Å,1,N/A,O75164,0,N/A,N/A,
7D5V,2.102 Å,1,N/A,Q9ULW8,1,C646A,N/A,
7D6Y,1.668 Å,1,N/A,P06730,0,N/A,N/A,
7D8A,2 Å,2,N/A,V9H1G0,0,N/A,N/A,
7D8P,2 Å,2,N/A,Q6UUV9,0,N/A,N/A,
7D9Y,2.76 Å,1,N/A,P49917,1,A3V,N/A,
7XY8,2.3 Å,1,N/A,P35613,0,N/A,N/A,
7DBJ,1.551 Å,1,N/A,P07195,0,N/A,N/A,
7DC1,1.75 Å,1,N/A,O00244,0,N/A,N/A,
7DC8,2.757 Å,3,N/A,P08887,1,C193S,N/A,
7DCI,1.7 Å,1,N/A,Q03933,1,D86N,N/A,
7DCJ,2.004 Å,1,N/A,Q00613,0,N/A,N/A,
7DD1,2.05 Å,1,N/A,Q96SB4,0,N/A,N/A,
7DE3,2.197 Å,1,N/A,P00568,1,R128W,N/A,
7DF1,2.806 Å,1,N/A,P08195,0,N/A,N/A,
7DF1,2.806 Å,3,N/A,A0A5C2G3X0,0,N/A,N/A,
7DF7,2.3 Å,1,N/A,P58546,0,N/A,N/A,
7DH6,2.584 Å,1,N/A,O43660,0,N/A,N/A,
7DHG,2.2 Å,1,N/A,O94826,0,N/A,N/A,
7DHL,2.57 Å,1,N/A,P22607,0,N/A,N/A,
7DKL,1.5 Å,1,N/A,Q8TB45,0,N/A,N/A,
7DN8,2.6084 Å,2,N/A,P84077,1,Q71L,N/A,
7DP3,2.55 Å,1,N/A,Q9UJA3,0,N/A,N/A,
7DPD,2.55 Å,1,N/A,Q9NXL9,2,"R168P,C257A",N/A,
7DPX,2.002 Å,1,N/A,P21757,0,N/A,N/A,
7DSF,1.8 Å,1,N/A,P35270,0,N/A,N/A,
7QQM,1.6 Å,1,N/A,P07355,0,N/A,N/A,
7DUA,1.64 Å,1,N/A,P07949,0,N/A,N/A,
7DUU,2.51 Å,1,N/A,F6IQA6,0,N/A,N/A,
7DUU,2.51 Å,4,N/A,P43631,0,N/A,N/A,
7DV6,2.39 Å,1,N/A,P37173,6,"E431A,R433A,E485A,K488A,R493A,R495A",N/A,
7DW5,2.83 Å,1,N/A,P0CJ85,0,N/A,N/A,
7DYQ,1.998 Å,1,N/A,Q6B0I6,0,N/A,N/A,
7UQ3,1.49 Å,1,N/A,Q8N371,0,N/A,N/A,
7FXO,1.3 Å,1,N/A,P07148,0,N/A,N/A,
7DZM,2.25 Å,1,N/A,I3ZN85,0,N/A,N/A,
7DZN,2.63 Å,1,N/A,V6E0U6,0,N/A,N/A,
7V63,2.906 Å,1,N/A,Q03405,0,N/A,N/A,
7E1T,2.45 Å,1,N/A,P51151,1,Q66L,N/A,
7E1T,2.45 Å,2,N/A,Q9NXR1,0,N/A,N/A,
7E2E,2.7 Å,1,N/A,P11474,0,N/A,N/A,
7E2K,2.041 Å,1,N/A,Q9P2K8,0,N/A,N/A,
7E4W,2.9 Å,1,N/A,P53999,0,N/A,N/A,
7UAH,1.57 Å,1,N/A,P00747,1,S760A,N/A,
7E5B,2.29 Å,2,N/A,Q9ULZ3,0,N/A,N/A,
7E72,2.094 Å,3,N/A,Q02763,0,N/A,N/A,
7E7F,1.4 Å,1,N/A,P15538,6,"W49R,L50N,W53R,W56R,L244N,W247N",N/A,
7E9K,2.05 Å,2,N/A,Q14118,0,N/A,N/A,
7E9V,2.1 Å,1,N/A,P30085,0,N/A,N/A,
7EA7,2.69 Å,2,N/A,Q9H6S1,0,N/A,N/A,
7EA9,2.5 Å,1,N/A,Q15046,1,Y145H,N/A,
7EAA,2.6 Å,2,N/A,Q13137,0,N/A,N/A,
7EAL,2.5 Å,2,N/A,Q15025,0,N/A,N/A,
7EBB,1.9 Å,1,N/A,Q16654,0,N/A,N/A,
7S7F,1.88 Å,3,N/A,Q8TEK3,0,N/A,N/A,
7EKN,2.14 Å,2,N/A,Q5JT35,0,N/A,N/A,
7EDZ,1.95 Å,1,N/A,Q9HAB8,0,N/A,N/A,
7EEF,2.6 Å,1,N/A,Q15375,1,G656E,N/A,
7KQ0,2.4 Å,1,N/A,P12004,0,N/A,N/A,
8BYJ,2.07 Å,1,N/A,Q9BYF1,0,N/A,N/A,
7FEZ,0.76 Å,1,N/A,P05413,0,N/A,N/A,
7EIX,1.9 Å,1,N/A,P19113,2,"C181S, C418S",N/A,
7EL6,2.802 Å,1,N/A,Q8TEV9,0,N/A,N/A,
7GAG,1.59 Å,1,N/A,Q9GZQ8,1,TruncationafterGly120,N/A,
7EOD,1.9 Å,1,N/A,O75030,1,AKE deletion,N/A,
7EOF,2.733 Å,3,N/A,Q86WR0,0,N/A,N/A,
7EOW,1.6 Å,1,N/A,P04275,0,N/A,N/A,
7EP1,1.852 Å,1,N/A,Q9C0D3,0,N/A,N/A,
7XYT,1.5 Å,1,N/A,Q7Z7L7,0,N/A,N/A,
7EQ2,1.55090284637 Å,1,N/A,P62820,1,T75D,N/A,
7ERA,1.35 Å,1,N/A,P30043,0,N/A,N/A,
7EU2,2.8 Å,1,N/A,A0A5H2UU57,0,N/A,N/A,
7EVR,1.8 Å,1,N/A,P14866,0,N/A,N/A,
7EVS,1.6 Å,2,N/A,Q9BYW2,0,N/A,N/A,
7EVS,1.6 Å,1,N/A,Q8WVV9,0,N/A,N/A,
7EVT,2.95 Å,1,N/A,P15104,0,N/A,N/A,
7N5W,2.24 Å,1,N/A,O95365,0,N/A,N/A,
7EZG,1.9 Å,1,N/A,Q8TCB7,0,N/A,N/A,
7EZJ,2.9 Å,1,N/A,O15350,0,N/A,N/A,
7F09,2.6 Å,1,N/A,P19532,0,N/A,N/A,
7F3K,1.76 Å,1,N/A,Q9Y2T7,2,"I92T, Q93K",N/A,
7F3O,1.44 Å,1,N/A,P42262,0,N/A,N/A,
7F4W,2.9 Å,1,N/A,D9UAY1,0,N/A,N/A,
7F5C,1.65004485921 Å,1,N/A,J3QQQ8,0,N/A,N/A,
7F90,2.39 Å,2,N/A,P78406,0,N/A,N/A,
7MNI,2 Å,2,N/A,P52948,0,N/A,N/A,
7F61,2.6 Å,1,N/A,Q9Y5N1,1,S121K,N/A,
7F69,1.5 Å,1,N/A,Q9Y4P8,0,N/A,N/A,
7F69,1.5 Å,2,N/A,Q676U5,0,N/A,N/A,
7F6J,2.1 Å,2,N/A,Q8NEN9,0,N/A,N/A,
7XTY,2.1 Å,2,N/A,P25054,0,N/A,N/A,
7WGN,1.813 Å,1,N/A,Q03181,0,N/A,N/A,
7FBQ,1.8 Å,1,N/A,O00299,0,N/A,N/A,
7F9L,2.7 Å,2,N/A,Q6GTX8,3,"T67L, N69S, A77T",N/A,
7U9I,2 Å,1,N/A,Q86X55,0,N/A,N/A,
7FB5,2.84 Å,2,N/A,Q9H6L5,0,N/A,N/A,
7FCC,2.144 Å,1,N/A,Q9NPH3,0,N/A,N/A,
7FCH,1.883 Å,1,N/A,O95256,0,N/A,N/A,
7FCR,1.4 Å,1,N/A,P02649,1,C130I,N/A,
7SZL,2.3 Å,1,N/A,Q9NP60,0,N/A,N/A,
7FEE,2.7 Å,1,N/A,P21554,6,"S203K,T210A,E273K,T283V,R340E,N393D",N/A,
7FGN,1.199 Å,1,N/A,Q9UNN5,0,N/A,N/A,
7FH3,1.8 Å,1,N/A,O95340,0,N/A,N/A,
7FI9,2.16 Å,1,N/A,P26718,0,N/A,N/A,
7FI9,2.16 Å,2,N/A,Q29983,9,"N8D, L9F, L34I, Q108H, Q120W, W127F, L146W, Y157F, H161R V177I",N/A,
7FQI,1.45 Å,1,N/A,Q99538,0,N/A,N/A,
7G0Z,0.84 Å,1,N/A,P15090,8,"V24L,V33M,A34G,M41C,S54T,F58L,H94Q,S125C",N/A,
7G0E,1.11 Å,1,N/A,Q01469,0,N/A,N/A,
7FY1,2.01 Å,1,N/A,Q0Z7S8,0,N/A,N/A,
7G83,1.31 Å,2,N/A,Q92974,1,None,N/A,
7GQU,1.54 Å,1,N/A,Q14191,0,N/A,N/A,
7JFL,1.68 Å,1,N/A,Q14653,0,N/A,N/A,
7JG0,1.984 Å,1,N/A,P22102,0,N/A,N/A,
7JHX,1.91 Å,2,N/A,Q9HCE0,0,N/A,N/A,
7JIS,2.42 Å,1,N/A,O00329,0,N/A,N/A,
7JJK,1.4 Å,1,N/A,O94993,0,N/A,N/A,
7JLG,2.07 Å,1,N/A,Q96LW4,0,N/A,N/A,
7JL4,1.92 Å,1,N/A,Q6PJ69,0,N/A,N/A,
7TMY,2.21 Å,2,N/A,Q8TAT5,0,N/A,N/A,
7JM5,2.7 Å,1,N/A,O94953,0,N/A,N/A,
7JNT,2.214 Å,1,N/A,O75116,0,N/A,N/A,
7JOD,1.33 Å,1,N/A,Q9Y5K2,0,N/A,N/A,
7JOF,2 Å,1,N/A,O75923,0,N/A,N/A,
7JOO,2.4 Å,4,N/A,Q9Y6W8,3,"N23Q, C136A, C137A",N/A,
7JQD,2.7 Å,1,N/A,P41586,6,"A18G, P19S, A20M, M21A, C25G, del(89-109)",N/A,
7JRD,2.85 Å,2,N/A,P02788,0,N/A,N/A,
7JSA,2.85 Å,3,N/A,P50548,0,N/A,N/A,
7JT9,1.93 Å,1,N/A,P09769,0,N/A,N/A,
7TDY,1.53 Å,1,N/A,P41212,4,"R80S,V112E,C610A,C644A",N/A,
7JU8,2 Å,1,N/A,P45452,0,N/A,N/A,
7JUB,1.2 Å,1,N/A,P22897,0,N/A,N/A,
7PC7,2.1 Å,2,N/A,P60484,0,N/A,N/A,
7JUR,2.82 Å,1,N/A,Q6VAB6,0,N/A,N/A,
7JUW,2.88 Å,1,N/A,Q8IVT5,0,N/A,N/A,
7JVU,1.5004765401 Å,1,N/A,Q9BY41,1,I45T,N/A,
7JWS,1.6 Å,1,N/A,P00352,1,N121S,N/A,
7JXX,1.56 Å,1,N/A,Q5TCY1,0,N/A,N/A,
7JZK,2.457 Å,1,N/A,A0A6B9UEV8,0,N/A,N/A,
7LPZ,1.55 Å,1,N/A,O43414,0,N/A,N/A,
7K1F,2.6 Å,1,N/A,P14735,0,N/A,N/A,
7K3C,1.1 Å,1,N/A,P05787,0,N/A,N/A,
7K7L,2.539 Å,1,N/A,P25098,0,N/A,N/A,
7K7L,2.539 Å,2,N/A,P62873,0,N/A,N/A,
7K7L,2.539 Å,3,N/A,P59768,0,N/A,N/A,
7K7T,2.94 Å,1,N/A,Q8TE76,0,N/A,N/A,
7K95,1.9 Å,1,N/A,O95639,0,N/A,N/A,
7K95,1.9 Å,2,N/A,Q6UN15,0,N/A,N/A,
7R9N,1.5 Å,1,N/A,Q92918,0,N/A,N/A,
7KBU,2.27 Å,1,N/A,Q14515,0,N/A,N/A,
7KC3,1.8 Å,1,N/A,P20701,0,N/A,N/A,
7KPU,1.43 Å,1,N/A,Q86UY6,0,N/A,N/A,
7KEI,1.75 Å,1,N/A,Q30066,0,N/A,N/A,
7KEI,1.75 Å,2,N/A,Q5SU54,0,N/A,N/A,
7KFK,2.63 Å,1,N/A,Q8NHL6,0,N/A,N/A,
7KG8,1.43 Å,1,N/A,Q86W56,6,"K616A, Q617A, K618A, E688A, K689A, K690A",N/A,
7KGQ,1.34 Å,1,N/A,Q861F7,0,N/A,N/A,
7LAW,2.752 Å,1,N/A,Q9UNG2,0,N/A,N/A,
7LAW,2.752 Å,2,N/A,Q9Y5U5,0,N/A,N/A,
7KHM,2.88 Å,1,N/A,Q5W0Z9,1,C156S,N/A,
7KHT,2.504 Å,1,N/A,Q13285,2,"C247S, C412S",N/A,
7KIU,2.22 Å,1,N/A,Q13609,0,N/A,N/A,
7KIZ,1.7 Å,1,N/A,P32119,0,N/A,N/A,
7KJO,1.45 Å,1,N/A,Q6IQ23,0,N/A,N/A,
7KJS,2.187 Å,2,N/A,P24864,0,N/A,N/A,
7KKU,2.02 Å,1,N/A,P04179,0,N/A,N/A,
7UJR,1.95 Å,2,N/A,Q13224,0,N/A,N/A,
7KL5,1.65 Å,2,N/A,Q92736,0,N/A,N/A,
7KLJ,1.52 Å,1,N/A,Q7Z4S6,0,N/A,N/A,
7KMA,2.7 Å,1,N/A,Q14232,0,N/A,N/A,
7KNW,2.65 Å,1,N/A,Q7KZF4,0,N/A,N/A,
7SH4,2 Å,1,N/A,P06126,0,N/A,N/A,
7KP7,2.65 Å,2,N/A,P19438,2,"N25D, C153S",N/A,
7KPF,2.23 Å,1,N/A,P22392,0,N/A,N/A,
7ST5,2.2 Å,3,N/A,P78324,0,N/A,N/A,
7KPI,1.7 Å,1,N/A,D6RDG8,0,N/A,N/A,
7KPK,1.71 Å,2,N/A,P52945,0,N/A,N/A,
7KQ0,2.4 Å,2,N/A,P38936,0,N/A,N/A,
7M8H,1.75 Å,1,N/A,Q9Y316,1,C244S,N/A,
7M3Z,1.4 Å,1,N/A,Q8TDQ0,0,N/A,N/A,
7KQQ,1.8 Å,1,N/A,Q9H6Y2,0,N/A,N/A,
7L34,1.901 Å,1,N/A,P18858,1,R641L,N/A,
7UFB,2.25 Å,1,N/A,P08684,2,"residues 3-22 deleted, C-terminal 4-histidine tag",N/A,
7ORF,1.7 Å,1,N/A,P53779,0,N/A,N/A,
7KSP,2.8 Å,1,N/A,Q5K651,0,N/A,N/A,
7L27,1.7 Å,1,N/A,Q14432,0,N/A,N/A,
7KX0,2.69 Å,1,N/A,P32970,0,N/A,N/A,
7KX0,2.69 Å,2,N/A,P26842,0,N/A,N/A,
7KYS,2.2 Å,1,N/A,Q9P287,0,N/A,N/A,
7KYX,1.63 Å,1,N/A,Q6QEF8,0,N/A,N/A,
7TGQ,2 Å,1,N/A,Q7Z2W4,0,N/A,N/A,
7L0J,2.6 Å,1,N/A,P03971,1,V515A,N/A,
7L0J,2.6 Å,2,N/A,Q16671,0,N/A,N/A,
7L1T,2.25 Å,1,N/A,Q9HD40,0,N/A,N/A,
7L3L,2.8 Å,1,N/A,O00463,0,N/A,N/A,
7L3L,2.8 Å,2,N/A,Q9Y4K3,0,N/A,N/A,
7N0Z,2.19 Å,1,N/A,Q9ULR3,1,C56A,N/A,
7ZPG,1.16 Å,1,N/A,Q99685,0,N/A,N/A,
7L4V,1.75 Å,1,N/A,P17676,0,N/A,N/A,
7L8K,1.38 Å,1,N/A,P36969,1,U46C,N/A,
7SC4,1.85 Å,1,N/A,P08514,0,N/A,N/A,
7UDH,1.99998841007 Å,2,N/A,P05106,0,N/A,N/A,
7L97,2.01 Å,1,N/A,Q96FJ0,0,N/A,N/A,
7L9X,2.81 Å,1,N/A,O75351,0,N/A,N/A,
7SV2,2.46 Å,1,N/A,P20815,0,N/A,N/A,
7LAF,2.44 Å,1,N/A,O15296,1,delete PPVLPLL,N/A,
7LAH,1.6 Å,1,N/A,U3KQA6,0,N/A,N/A,
7LBL,2.13 Å,1,N/A,Q6PYX1,0,N/A,N/A,
7LBX,2.7 Å,1,N/A,Q00059,0,N/A,N/A,
7VV9,1.6 Å,2,N/A,Q9BPZ7,0,N/A,N/A,
7LEN,2.9 Å,2,N/A,O14944,0,N/A,N/A,
7LFC,2.1 Å,2,N/A,P19838,0,N/A,N/A,
7LEW,1.736 Å,1,N/A,P60604,0,N/A,N/A,
7LEW,1.736 Å,2,N/A,Q9Y679,0,N/A,N/A,
7RHO,2 Å,1,N/A,Q6MZV7,0,N/A,N/A,
7LFA,1.857 Å,1,N/A,O14791,0,N/A,N/A,
7LF8,2.15 Å,1,N/A,Q9BQE5,0,N/A,N/A,
7LGA,1.9 Å,1,N/A,Q86TG7,0,N/A,N/A,
7LGC,1.85 Å,1,N/A,Q96BY2,0,N/A,N/A,
7YA5,1.85 Å,1,N/A,P10415,1,G101V,N/A,
7LI5,1.68 Å,1,N/A,E9PKB7,0,N/A,N/A,
7LIN,1.44 Å,2,N/A,Q12888,0,N/A,N/A,
7WET,1.76 Å,1,N/A,Q06830,0,N/A,N/A,
7LJ1,2.97 Å,2,N/A,Q9BYN0,0,N/A,N/A,
7LJ5,2.26 Å,1,N/A,Q9NYG8,3,"A198E,  N104Q, N108Q",N/A,
7QGS,2 Å,2,N/A,Q09472,0,N/A,N/A,
7YO8,1.805 Å,1,N/A,P60520,1,F28S V29T,N/A,
7LO0,2.71 Å,2,N/A,Q86UE8,0,N/A,N/A,
7NP2,1.27 Å,2,N/A,Q4VCS5,0,N/A,N/A,
7N6F,1.4 Å,1,N/A,Q9Y6A2,0,N/A,N/A,
7LT1,2.4 Å,1,N/A,Q8IYB1,0,N/A,N/A,
7LUS,2.45 Å,1,N/A,P01859,2,"K392D, K409D",N/A,
7MBJ,1.26 Å,1,N/A,Q13976,1,R177Q,N/A,
7LW7,2.5 Å,1,N/A,Q9H790,1,G145V,N/A,
7LWH,1.606 Å,1,N/A,P35240,0,N/A,N/A,
7LWH,1.606 Å,2,N/A,O95835,0,N/A,N/A,
7LXE,1.88 Å,1,N/A,Q8IZP0,0,N/A,N/A,
7LXF,1.65 Å,1,N/A,A6NGG8,0,N/A,N/A,
7LYX,2.6 Å,1,N/A,Q9UNU6,0,N/A,N/A,
7M07,1.57 Å,1,N/A,Q9UGP5,0,N/A,N/A,
7M10,1.15 Å,1,N/A,O75151,0,N/A,N/A,
7M2K,2.47 Å,1,N/A,P49427,0,N/A,N/A,
7M3Q,2.5 Å,1,N/A,Q9HAU4,0,N/A,N/A,
7OWC,1.85 Å,1,N/A,P62987,0,N/A,N/A,
7M3X,1.46 Å,1,N/A,Q16576,0,N/A,N/A,
7M4O,2.21 Å,1,N/A,Q9NWF9,1,C688A,N/A,
7TSG,1.85 Å,1,N/A,P29474,0,N/A,N/A,
7QTW,1.41 Å,2,N/A,P55957,0,N/A,N/A,
7M5U,2.02 Å,1,N/A,Q99549,0,N/A,N/A,
7M72,2.4 Å,3,N/A,K7N5N2,0,N/A,N/A,
7M72,2.4 Å,4,N/A,K7N5M4,0,N/A,N/A,
7M8I,2.94 Å,1,N/A,P10109,0,N/A,N/A,
7M8T,1.5 Å,1,N/A,U5YJK1,0,N/A,N/A,
7M8U,1.45 Å,1,N/A,Q546I9,0,N/A,N/A,
7MBH,2.1 Å,1,N/A,P09104,0,N/A,N/A,
7MEQ,1.95 Å,1,N/A,O15393,0,N/A,N/A,
7MF0,2.809 Å,1,N/A,Q9NZJ5,1,D937N,N/A,
7MGJ,2.95 Å,1,N/A,Q59H18,0,N/A,N/A,
7MHD,2.03 Å,1,N/A,P49327,0,N/A,N/A,
7MJ7,1.6 Å,3,N/A,Q8WX77,0,N/A,N/A,
7MJA,1.69 Å,3,N/A,Q99453,0,N/A,N/A,
7MJD,2.12 Å,1,N/A,P30837,0,N/A,N/A,
7MJU,2.1 Å,1,N/A,P55197,0,N/A,N/A,
7MK8,2.15 Å,1,N/A,P24462,6,"residues 3-22 deleted; R69G, C77G, K244E, K421A, K422A, K424A",N/A,
7MNI,2 Å,1,N/A,Q99567,0,N/A,N/A,
7MNK,1.1 Å,1,N/A,P49792,0,N/A,N/A,
7MO0,2.45 Å,2,N/A,Q9UKX7,0,N/A,N/A,
7MON,2.23 Å,2,N/A,Q9Y572,2,"C3S, C110A",N/A,
7MP3,2.55 Å,1,N/A,Q14451,0,N/A,N/A,
7MQZ,2.39 Å,1,N/A,Q96BR5,0,N/A,N/A,
7MRJ,2.12 Å,1,N/A,A0A2R8Y7D0,0,N/A,N/A,
7MW7,1.1 Å,1,N/A,P30046,1,P2G,N/A,
7MS7,1.45 Å,1,N/A,P45974,0,N/A,N/A,
7MX1,1.64 Å,1,N/A,P53350,0,N/A,N/A,
7MT1,1.3 Å,1,N/A,P43034,0,N/A,N/A,
7MTO,1.791 Å,1,N/A,Q01105,0,N/A,N/A,
7MU2,1.85 Å,2,N/A,E7EVC7,0,N/A,N/A,
7MU5,2.2 Å,1,N/A,Q9H773,0,N/A,N/A,
7MW0,2 Å,1,N/A,Q8N1F7,0,N/A,N/A,
7MWM,1.601 Å,1,N/A,Q9UBB5,0,N/A,N/A,
7MX4,1.73 Å,1,N/A,P29016,5,"N52Q, N57Q, K108G, N128Q, W241G",N/A,
7SHU,2.75 Å,3,N/A,P01854,0,N/A,N/A,
7MXV,2.211 Å,1,N/A,Q9UQ84,0,N/A,N/A,
7MYH,2.394 Å,1,N/A,P61086,0,N/A,N/A,
8BIK,2.5 Å,1,N/A,P54646,0,N/A,N/A,
8BIK,2.5 Å,2,N/A,Q9Y478,0,N/A,N/A,
8BIK,2.5 Å,3,N/A,P54619,0,N/A,N/A,
7MYX,1.39 Å,1,N/A,P31749,1,R86A,N/A,
7N19,2.38 Å,2,N/A,Q5Y7D1,0,N/A,N/A,
7N27,1.85 Å,1,N/A,Q9Y232,0,N/A,N/A,
7R4M,2.29 Å,1,N/A,Q4G0N4,0,N/A,N/A,
7N2M,2.9 Å,1,N/A,P09884,0,N/A,N/A,
7N2R,2.28 Å,5,N/A,O43395,0,N/A,N/A,
7N2R,2.28 Å,3,N/A,A3F718,0,N/A,N/A,
7N2P,2.5 Å,3,N/A,A0A2R8Y7R8,0,N/A,N/A,
7N38,1.22 Å,1,N/A,P22914,5,"N15D,N54D,Q93E,Q121E,N144D",N/A,
7THI,1.33 Å,1,N/A,P07738,0,N/A,N/A,
8BJU,1.53 Å,1,N/A,P30291,0,N/A,N/A,
7N40,2.55 Å,2,N/A,Q5TKA1,0,N/A,N/A,
7N40,2.55 Å,3,N/A,Q96GY3,0,N/A,N/A,
7N8K,2.01 Å,1,N/A,O00370,0,N/A,N/A,
7N8R,1.2 Å,1,N/A,Q7Z3B4,0,N/A,N/A,
7N8V,2.1 Å,1,N/A,A8K979,0,N/A,N/A,
7N93,2.74 Å,1,N/A,P23443,1,T412E,N/A,
7NAJ,1.6 Å,1,N/A,Q6SZW1,0,N/A,N/A,
7NAM,1.6 Å,1,N/A,O75581,0,N/A,N/A,
7NBI,1.65 Å,1,N/A,P49771,1,L33D,N/A,
7NCF,2.72 Å,1,N/A,Q9H2X6,0,N/A,N/A,
7NDQ,2.551 Å,4,N/A,A0A075B6U7,0,N/A,N/A,
7NDQ,2.551 Å,5,N/A,A0A0J9YX06,0,N/A,N/A,
7NDT,2.999 Å,4,N/A,A0A087WT03,0,N/A,N/A,
7NDT,2.999 Å,5,N/A,A0A0B4J200,0,N/A,N/A,
7NDX,2.541 Å,1,N/A,P25685,0,N/A,N/A,
7NDX,2.541 Å,2,N/A,Q9Y266,0,N/A,N/A,
7NDY,1.44 Å,2,N/A,P50402,0,N/A,N/A,
7NE3,2.26 Å,1,N/A,Q6N021,1,0,N/A,
7NEE,2.55 Å,1,N/A,Q96IY4,0,N/A,N/A,
7NG7,1.5 Å,1,N/A,P12931,0,N/A,N/A,
7NIX,1.9 Å,2,N/A,O60343,0,N/A,N/A,
7NL7,2.1 Å,1,N/A,Q9NNX6,0,N/A,N/A,
7R58,1.902 Å,1,N/A,Q9HCN6,0,N/A,N/A,
7NMZ,2.303 Å,1,N/A,Q04917,1,S235Stop,N/A,
7NNJ,1.755 Å,1,N/A,Q9NZJ9,0,N/A,N/A,
7PNR,1.6 Å,1,N/A,P03950,0,N/A,N/A,
7NQ4,2.88 Å,1,N/A,Q9BXR0,0,N/A,N/A,
7NQ4,2.88 Å,2,N/A,Q9H974,0,N/A,N/A,
7NRB,1.9 Å,1,N/A,Q16644,0,N/A,N/A,
7NSR,1.5 Å,1,N/A,P02689,1,I50del,N/A,
7NS7,2.2 Å,1,N/A,P21549,0,N/A,N/A,
7NTH,1.97 Å,1,N/A,O43318,0,N/A,N/A,
7NTJ,1.74 Å,1,N/A,Q8N3R9,0,N/A,N/A,
7NTO,1.23 Å,1,N/A,Q8IZ69,0,N/A,N/A,
7NWA,1.59 Å,1,N/A,P54687,1,Ser379Arg,N/A,
7NUF,2.00040159011 Å,1,N/A,P42224,4,"Delta183-190, H182A, E393A, E394A",N/A,
7NUU,1.836 Å,1,N/A,Q9Y303,0,N/A,N/A,
7NUW,1.9 Å,1,N/A,Q15399,0,N/A,N/A,
8BZR,1.781 Å,1,N/A,Q9Y3C8,1,C116K,N/A,
7NW1,1.95 Å,2,N/A,Q9GZZ9,0,N/A,N/A,
7NWK,2.81 Å,1,N/A,P50750,0,N/A,N/A,
7NWK,2.81 Å,2,N/A,O60563,0,N/A,N/A,
7NWU,2.6 Å,1,N/A,Q9BZI7,0,N/A,N/A,
7NWU,2.6 Å,2,N/A,Q9HAU5,0,N/A,N/A,
7NX1,1.3 Å,1,N/A,P29376,0,N/A,N/A,
7NX0,1.95 Å,3,N/A,Q6UXT8,0,N/A,N/A,
7NXE,2.1 Å,1,N/A,P19174,0,N/A,N/A,
7NXJ,2.36 Å,1,N/A,Q14004,0,N/A,N/A,
7NXJ,2.36 Å,2,N/A,O75909,0,N/A,N/A,
7NXV,2.55 Å,3,N/A,O75807,0,N/A,N/A,
7NXZ,1.998 Å,1,N/A,P05231,0,N/A,N/A,
7NYO,1.4 Å,1,N/A,Q9UQF2,1,A541L,N/A,
7NZC,1.111 Å,1,N/A,Q7Z6J0,0,N/A,N/A,
7NZE,2.05 Å,2,N/A,A2BFX2,0,N/A,N/A,
7NZE,2.05 Å,3,N/A,P02458,0,N/A,N/A,
7YXB,2.095 Å,2,N/A,A0A1V1IGJ9,0,N/A,N/A,
7O06,1.6 Å,2,N/A,Q9UPV0,0,N/A,N/A,
7O07,1.2 Å,2,N/A,P46937,0,N/A,N/A,
7QRW,1.7 Å,1,N/A,O75382,0,N/A,N/A,
7O58,1.97 Å,1,N/A,O15305,1,T237M,N/A,
7O4P,1.08 Å,1,N/A,O60844,0,N/A,N/A,
7O4D,2.249 Å,1,N/A,P16083,0,N/A,N/A,
7O52,2.41 Å,3,N/A,P20273,0,N/A,N/A,
7O63,1.16 Å,1,N/A,Q8N4E7,0,N/A,N/A,
7O7I,2.5 Å,1,N/A,Q9H422,0,N/A,N/A,
7O86,1.73 Å,1,N/A,Q9UEW8,0,N/A,N/A,
7OAT,2.995 Å,1,N/A,Q9BZE9,0,N/A,N/A,
7PUX,1.73 Å,1,N/A,P55072,1,L198W,N/A,
7OAT,2.995 Å,3,N/A,Q9H867,0,N/A,N/A,
7OB5,1.8 Å,2,N/A,Q86U70,0,N/A,N/A,
8B2K,1.4 Å,2,N/A,P61587,0,N/A,N/A,
7OBG,1.8 Å,2,N/A,P06748,0,N/A,N/A,
8BI7,1.4 Å,2,N/A,P19525,0,N/A,N/A,
7OBP,1.8 Å,1,N/A,Q8NI08,0,N/A,N/A,
7OBS,1.8 Å,2,N/A,O43353,0,N/A,N/A,
7OBX,1.8 Å,2,N/A,Q9BWG4,0,N/A,N/A,
7OCM,1.7 Å,1,N/A,P14210,0,N/A,N/A,
7OD1,2.45 Å,1,N/A,O95376,0,N/A,N/A,
7OEX,1.51 Å,1,N/A,O75884,0,N/A,N/A,
7OFV,1.43 Å,1,N/A,P54764,1,C204A,N/A,
7R2H,0.79 Å,1,N/A,P30405,1,K133I,N/A,
7OGJ,1.59 Å,1,N/A,Q9UBP6,0,N/A,N/A,
7OHI,1.41 Å,2,N/A,O14526,0,N/A,N/A,
7OHO,2.88 Å,2,N/A,P63010,0,N/A,N/A,
7OIT,1.65 Å,2,N/A,Q0JRZ9,0,N/A,N/A,
7OJX,2.4 Å,1,N/A,Q9H0F5,0,N/A,N/A,
7OK6,1.949 Å,1,N/A,A6NIH7,0,N/A,N/A,
7Q5D,1.8 Å,1,N/A,Q9UNN8,0,N/A,N/A,
7OKW,1.62 Å,1,N/A,O95747,0,N/A,N/A,
7OPB,2.144 Å,1,N/A,P16871,0,N/A,N/A,
7OPN,2.6 Å,1,N/A,Q06278,1,R1231H,N/A,
7OPO,2.75 Å,1,N/A,P51812,0,N/A,N/A,
7OPQ,2.23 Å,1,N/A,P51159,2,"Q78L,C123S",N/A,
7OR3,1.8 Å,2,N/A,Q99466,0,N/A,N/A,
7OR8,1.8 Å,2,N/A,P46527,0,N/A,N/A,
7OTS,1.792 Å,1,N/A,Q9BV23,0,N/A,N/A,
7OU6,2.41 Å,1,N/A,O60502,0,N/A,N/A,
7OUB,1.82 Å,1,N/A,P19652,1,C149R,N/A,
7OUP,2.65 Å,1,N/A,Q9NY33,1,E451A,N/A,
7OUU,1.47 Å,1,N/A,Q14315,0,N/A,N/A,
8B75,1.82 Å,1,N/A,Q96PN6,0,N/A,N/A,
7OVX,1.7 Å,2,N/A,P46976,0,N/A,N/A,
7OVY,1.24 Å,1,N/A,P39900,0,N/A,N/A,
7OW2,2.17 Å,2,N/A,Q5TA31,0,N/A,N/A,
7OW4,1.81 Å,1,N/A,A0A583ZB34,0,N/A,N/A,
7OWD,1.71 Å,1,N/A,Q9NQC7,0,N/A,N/A,
7OWM,1.5 Å,1,N/A,P30419,0,N/A,N/A,
7OWM,1.5 Å,2,N/A,P84074,0,N/A,N/A,
7OX3,1.7 Å,3,N/A,P15248,0,N/A,N/A,
7OY0,2.09 Å,1,N/A,Q9NWM0,0,N/A,N/A,
7OZB,1.71 Å,1,N/A,P11362,0,N/A,N/A,
7OZT,1.74 Å,2,N/A,P42771,0,N/A,N/A,
7P0O,1.65 Å,1,N/A,Q9NZ45,0,N/A,N/A,
7P0P,1.74 Å,1,N/A,Q8N5K1,0,N/A,N/A,
7P0V,1.56 Å,1,N/A,Q15459,0,N/A,N/A,
7P1L,1.95 Å,1,N/A,P27448,0,N/A,N/A,
8CB1,1.75 Å,1,N/A,P10253,0,N/A,N/A,
7P3A,2 Å,1,N/A,Q9Y224,0,N/A,N/A,
7P3B,2.3 Å,1,N/A,Q9Y3I0,0,N/A,N/A,
7P3I,2.29 Å,1,N/A,P25942,0,N/A,N/A,
7P6S,1.35 Å,1,N/A,P55259,0,N/A,N/A,
7P74,1.9 Å,2,N/A,Q15418,1,N-terminal biotin-ttds label,N/A,
7P8P,2.34 Å,1,N/A,P49789,0,N/A,N/A,
7P8X,1.4 Å,2,N/A,P41597,0,N/A,N/A,
7P93,1.55 Å,2,N/A,Q16570,0,N/A,N/A,
7P99,1.8 Å,1,N/A,Q5W0Q7,0,N/A,N/A,
7Q9Q,1.45 Å,1,N/A,O43924,0,N/A,N/A,
7PB4,2.49 Å,1,N/A,Q9H3R5,0,N/A,N/A,
7PB4,2.49 Å,2,N/A,Q92674,0,N/A,N/A,
7PB4,2.49 Å,3,N/A,Q9BS16,0,N/A,N/A,
7QPJ,1.54 Å,3,N/A,P43363,0,N/A,N/A,
7PC5,1.7 Å,2,N/A,Q96A65,0,N/A,N/A,
7YYE,2 Å,1,N/A,Q9BYJ9,1,First residue G derives from the expression tag: G459N,N/A,
7PCV,2.42 Å,1,N/A,P52756,0,N/A,N/A,
7PEE,2.81 Å,1,N/A,P09758,2,"N120Q,N208Q",N/A,
7PFS,2.7 Å,1,N/A,Q6P179,1,K392N,N/A,
7PGN,2.4 Å,1,N/A,Q96QV1,0,N/A,N/A,
7PJF,1.862 Å,1,N/A,P68363,0,N/A,N/A,
7PJF,1.862 Å,2,N/A,Q13509,0,N/A,N/A,
7PJH,2.35 Å,1,N/A,Q9Y312,0,N/A,N/A,
7PJM,2.1 Å,1,N/A,O75874,2,"R132C, S280F",N/A,
7QGW,1.3 Å,1,N/A,O60911,2,"N108Q, N179Q",N/A,
7PLP,1.4 Å,1,N/A,Q6N022,0,N/A,N/A,
7PPA,1.48 Å,1,N/A,O95393,0,N/A,N/A,
7PPM,1.48 Å,2,N/A,P35568,0,N/A,N/A,
7PPN,1.9 Å,2,N/A,P10747,0,N/A,N/A,
7PPZ,2.52 Å,2,N/A,P60842,0,N/A,N/A,
7PQN,2.40001520992 Å,2,N/A,O00187,0,N/A,N/A,
7PRL,2.48 Å,1,N/A,Q02817,0,N/A,N/A,
7PSC,2.436 Å,1,N/A,P09622,1,I358T,N/A,
7PSQ,1.91 Å,1,N/A,P26447,0,N/A,N/A,
7PSX,2 Å,1,N/A,Q92826,0,N/A,N/A,
7PT5,2.3 Å,1,N/A,Q9C0F1,0,N/A,N/A,
7PTB,2.08 Å,1,N/A,Q8TEP8,0,N/A,N/A,
7PUE,2.506 Å,1,N/A,O00141,2,"R192A, S422D",N/A,
7PUS,2.59 Å,1,N/A,Q13164,0,N/A,N/A,
7SOL,2.25000635563 Å,1,N/A,A0AVT1,1,C625A,N/A,
7PWJ,1.944 Å,2,N/A,P33316,0,N/A,N/A,
7PWY,2.5 Å,1,N/A,Q8TDX5,0,N/A,N/A,
7Q1F,2.347 Å,4,N/A,Q9HC77,10,"V319M, A320V, A361del, E362del, P364G, L365G, P366G, I367G, K368del, A369del",N/A,
7Q2U,2.27 Å,1,N/A,P49773,1,Q62A,N/A,
7Q3O,2.78 Å,3,N/A,P47902,0,N/A,N/A,
7Q3Z,1.85 Å,1,N/A,Q08AF3,0,N/A,N/A,
7WIN,1.95 Å,1,N/A,Q9UIF8,0,N/A,N/A,
7Q43,2.4000234708 Å,2,N/A,Q96BY6,0,N/A,N/A,
7Q44,2.20007772782 Å,2,N/A,Q9P2H5,0,N/A,N/A,
7Q45,2.09999588083 Å,2,N/A,Q01538,0,N/A,N/A,
7Q46,2.46002538066 Å,2,N/A,Q15154,0,N/A,N/A,
7Q4Q,1.65 Å,3,N/A,P02750,0,N/A,N/A,
7Q5T,2.2 Å,2,N/A,P30273,0,N/A,N/A,
7Q5U,2.4 Å,2,N/A,P09693,0,N/A,N/A,
7Q5W,2.2 Å,2,N/A,O43914,0,N/A,N/A,
7Q6C,2.29274 Å,1,N/A,P13671,0,N/A,N/A,
7Q98,2.5 Å,3,N/A,Q9Y6M1,0,N/A,N/A,
7Q9A,2.1 Å,3,N/A,Q10589,0,N/A,N/A,
7QBF,1.85 Å,1,N/A,P20062,0,N/A,N/A,
7QBF,1.85 Å,2,N/A,Q9NPF0,0,N/A,N/A,
7QCR,2.28 Å,1,N/A,P55196,0,N/A,N/A,
7QE9,2.1 Å,1,N/A,P07477,1,S200A,N/A,
7QE9,2.1 Å,2,N/A,P00995,1,N34S,N/A,
7QEI,2.1 Å,1,N/A,Q9H903,0,N/A,N/A,
7QF7,1.47 Å,1,N/A,Q9UQK1,1,First residue S derives from the expression tag,N/A,
7QFO,1.9 Å,1,N/A,Q02880,0,N/A,N/A,
7QFT,1.47 Å,1,N/A,Q92876,0,N/A,N/A,
7QG6,2.95 Å,1,N/A,Q9H1J1,0,N/A,N/A,
7QGP,1.9 Å,1,N/A,O94804,0,N/A,N/A,
7QGT,2.691 Å,1,N/A,P35520,0,N/A,N/A,
7QHG,1.45 Å,1,N/A,P53671,0,N/A,N/A,
7QPN,1.95 Å,1,N/A,Q8TBX8,1,aa32-421(delta 300-341),N/A,
7Z58,1.35 Å,1,N/A,P07711,1,T110A,N/A,
7QNG,2.7 Å,1,N/A,O15533,0,N/A,N/A,
7QNG,2.7 Å,2,N/A,P30101,1,C60A,N/A,
7QOX,2.32 Å,2,N/A,P01042,0,N/A,N/A,
7QPB,2.342 Å,1,N/A,Q05086,0,N/A,N/A,
7QPP,1.52 Å,1,N/A,P11473,0,N/A,N/A,
7QQD,2.7 Å,1,N/A,Q14938,0,N/A,N/A,
7QQH,2.25 Å,1,N/A,Q6NSJ0,0,N/A,N/A,
7QQN,2.45 Å,2,N/A,Q8NET8,0,N/A,N/A,
7QRX,2.2 Å,1,N/A,Q2Q1W2,0,N/A,N/A,
7QRY,2.07 Å,1,N/A,O15344,0,N/A,N/A,
7QRZ,1.57 Å,1,N/A,Q9UJV3,0,N/A,N/A,
7QS0,2.3 Å,1,N/A,Q9UDY6,0,N/A,N/A,
7QS1,1.93 Å,1,N/A,Q96F44,0,N/A,N/A,
7QS2,1.7 Å,1,N/A,Q9C019,0,N/A,N/A,
7QS3,1.75 Å,1,N/A,O95361,0,N/A,N/A,
7QS4,2.25 Å,1,N/A,Q9NQ86,0,N/A,N/A,
7QS5,1.65 Å,1,N/A,Q6ZTA4,0,N/A,N/A,
7QSC,1.91 Å,1,N/A,Q07960,1,R85A,N/A,
7QU4,1.66 Å,1,N/A,P69892,0,N/A,N/A,
7QU6,2.34 Å,1,N/A,Q9NYZ4,0,N/A,N/A,
7QUE,2.4 Å,1,N/A,Q9UEE5,0,N/A,N/A,
7QUV,1.85 Å,1,N/A,P06702,0,N/A,N/A,
7QUV,1.85 Å,2,N/A,P05109,0,N/A,N/A,
7QZQ,1.88 Å,1,N/A,Q3ZCT8,0,N/A,N/A,
7R1O,2.202 Å,1,N/A,Q13501,0,N/A,N/A,
7R2E,1.74 Å,1,N/A,Q9BQF6,0,N/A,N/A,
7R2E,1.74 Å,2,N/A,P55854,0,N/A,N/A,
7R2G,1.98 Å,1,N/A,Q9Y4E8,1,No,N/A,
7R2M,2.4 Å,1,N/A,P57105,0,N/A,N/A,
7R6V,2.16 Å,1,N/A,Q9Y2C4,1,H140A,N/A,
7R7W,1.17 Å,1,N/A,S6BVK3,0,N/A,N/A,
7RBQ,2.2 Å,1,N/A,Q6P2P2,0,N/A,N/A,
7RCB,2 Å,1,N/A,P54278,1,N335S,N/A,
7RCU,2.69 Å,1,N/A,P61244,0,N/A,N/A,
7RDB,2.52 Å,1,N/A,O95858,3,"N118Q, N189D, 231-236 expression tag",N/A,
7RDT,2.1 Å,1,N/A,P78549,0,N/A,N/A,
7RDV,2.90006610312 Å,5,N/A,P16112,0,N/A,N/A,
7RE5,2.5 Å,1,N/A,Q14721,0,N/A,N/A,
7RE7,2.547 Å,5,N/A,P02771,0,N/A,N/A,
7REI,1.78 Å,1,N/A,Q96SZ5,2,"C18S, C239S",N/A,
7RHT,2.5 Å,1,N/A,O60684,0,N/A,N/A,
7RJ9,1.7 Å,1,N/A,P04004,4,"C180S, C215S, delta 286-323, delta 355-434",N/A,
7RJP,1.25 Å,2,N/A,P34896,0,N/A,N/A,
7RJQ,1.72 Å,2,N/A,Q12906,0,N/A,N/A,
7RJR,1.45 Å,2,N/A,Q9NYF8,0,N/A,N/A,
7RK3,2.05 Å,2,N/A,P62330,0,N/A,N/A,
7RK7,2.54 Å,3,N/A,P14679,1,N371D,N/A,
7RL2,2.23 Å,1,N/A,P11712,2,"R150H, V490I",N/A,
7RM9,1.65 Å,1,N/A,P40925,0,N/A,N/A,
7RMA,2 Å,2,N/A,Q6ZTN6,0,N/A,N/A,
7RNM,1.9 Å,2,N/A,E7EWM1,0,N/A,N/A,
7RNS,1.14 Å,2,N/A,P68133,0,N/A,N/A,
7RNU,1.45 Å,1,N/A,O00459,0,N/A,N/A,
7RNV,2.15 Å,1,N/A,P52735,0,N/A,N/A,
7ROJ,1.6 Å,1,N/A,P02511,1,G95W,N/A,
7ROU,1.7 Å,1,N/A,P54577,0,N/A,N/A,
7RRM,1.72 Å,1,N/A,Q13445,0,N/A,N/A,
7RSP,1.67 Å,1,N/A,Q8NEB9,0,N/A,N/A,
7RT9,1.9 Å,3,N/A,P10082,0,N/A,N/A,
7RTA,2.6 Å,3,N/A,P01303,0,N/A,N/A,
7RTI,2.05 Å,4,N/A,Q96JM7,0,N/A,N/A,
7RTG,2.591 Å,1,N/A,P00813,0,N/A,N/A,
7RUO,1.8 Å,1,N/A,Q8TED0,0,N/A,N/A,
7RUP,1.23 Å,1,N/A,Q6Y7W6,0,N/A,N/A,
7RUP,1.23 Å,2,N/A,Q8NDV7,0,N/A,N/A,
7RUQ,1.79 Å,1,N/A,O75420,0,N/A,N/A,
7RUQ,1.79 Å,2,N/A,Q9HCJ0,0,N/A,N/A,
7RUT,1.5 Å,1,N/A,Q96EY8,1,R190C,N/A,
7RW4,1.31 Å,1,N/A,Q9HDC5,0,N/A,N/A,
7RXQ,2.03 Å,1,N/A,Q9BR39,0,N/A,N/A,
7RYL,2 Å,1,N/A,A0A0C4DH28,0,N/A,N/A,
7RYL,2 Å,2,N/A,A0A1B0GX56,0,N/A,N/A,
7S03,2.37 Å,1,N/A,Q53H47,3,"I359M, C381R, L423M",N/A,
7S0Y,2.79 Å,2,N/A,P60953,0,N/A,N/A,
7S0Z,2.34 Å,2,N/A,P10301,0,N/A,N/A,
7S1O,2.55 Å,1,N/A,Q9NUX5,0,N/A,N/A,
7S1T,2.9 Å,2,N/A,Q96AP0,0,N/A,N/A,
7S25,2.337 Å,1,N/A,Q13464,0,N/A,N/A,
7S2R,2.49 Å,1,N/A,P31785,0,N/A,N/A,
7S2S,1.93 Å,2,N/A,P14784,0,N/A,N/A,
7S3G,1.66 Å,1,N/A,P11926,0,N/A,N/A,
7S48,1.9 Å,2,N/A,P18084,0,N/A,N/A,
7S4A,2.693 Å,1,N/A,Q9UBU8,0,N/A,N/A,
7S4A,2.693 Å,2,N/A,Q86YC2,0,N/A,N/A,
7Z76,1.32 Å,4,N/A,P51531,0,N/A,N/A,
7S4G,2.2 Å,3,N/A,O95868,0,N/A,N/A,
7S4N,1.65 Å,2,N/A,Q92583,0,N/A,N/A,
7S58,1.82 Å,2,N/A,P80098,0,N/A,N/A,
7S5A,1.37 Å,1,N/A,P80075,0,N/A,N/A,
7S7G,1.34 Å,1,N/A,P49748,0,N/A,N/A,
7S7I,2.4 Å,1,N/A,H9CTV0,0,N/A,N/A,
7S7J,1.15 Å,1,N/A,Q9UBP0,0,N/A,N/A,
7S7J,1.15 Å,2,N/A,P53990,0,N/A,N/A,
7S7L,2.34 Å,1,N/A,P08254,0,N/A,N/A,
7S7L,2.34 Å,2,N/A,P01033,5,"L34G, M66S, E67Y, L133N, S155L",N/A,
7SA9,1.69 Å,1,N/A,Q8WXI7,0,N/A,N/A,
7SAN,2.58155523622 Å,1,N/A,P00492,3,"C22A, C105A, C205A",N/A,
7SC2,1.814 Å,1,N/A,P19429,2,"C35S, C84S",N/A,
7SCS,1.51 Å,2,N/A,P51671,0,N/A,N/A,
7SCT,1.84 Å,2,N/A,O15467,0,N/A,N/A,
7SCX,1.96 Å,2,N/A,Q9NZL6,0,N/A,N/A,
7SE7,1.75 Å,1,N/A,P22087,0,N/A,N/A,
7SEG,2.156 Å,3,N/A,P08637,0,N/A,N/A,
7SFY,2.5 Å,1,N/A,Q9NYP9,0,N/A,N/A,
7SFY,2.5 Å,2,N/A,O43482,0,N/A,N/A,
7SHQ,2.34 Å,1,N/A,O00418,0,N/A,N/A,
7SKE,1.24 Å,1,N/A,Q99972,1,R296H,N/A,
7SIF,1.73 Å,1,N/A,A0A5H2UI55,0,N/A,N/A,
7SIH,1.9 Å,1,N/A,A0A6B7FTL9,0,N/A,N/A,
7SIY,1.48 Å,2,N/A,P43403,0,N/A,N/A,
7SJ3,2.51 Å,1,N/A,P11802,0,N/A,N/A,
7SJ3,2.51 Å,2,N/A,P30281,0,N/A,N/A,
7SLV,2.13 Å,1,N/A,O95497,0,N/A,N/A,
7SMD,2.15 Å,1,N/A,P28749,0,N/A,N/A,
7V8N,2.05 Å,1,N/A,P29374,0,N/A,N/A,
7SMD,2.15 Å,2,N/A,Q9Y6B2,0,N/A,N/A,
7SME,2.64 Å,2,N/A,Q13547,0,N/A,N/A,
7SO0,1.74 Å,2,N/A,P13500,0,N/A,N/A,
7SOQ,1.15 Å,1,N/A,Q6PKG0,0,N/A,N/A,
7SQ2,2.6 Å,2,N/A,Q01970,0,N/A,N/A,
8B94,1.55 Å,2,N/A,Q9Y618,0,N/A,N/A,
7SQL,2.4 Å,1,N/A,Q9BZX2,0,N/A,N/A,
7SR5,2.35 Å,1,N/A,A0A6S7XV52,2,"Y108C, A163C",N/A,
7SR1,2.4 Å,1,N/A,Q9H3E2,0,N/A,N/A,
7SR6,2.62 Å,1,N/A,Q9UQG0,0,N/A,N/A,
7SRK,2.5 Å,1,N/A,F6IR24,2,"Y108C, A163C",N/A,
7STG,2.7 Å,1,N/A,A0A678ZGP6,2,"Y108C, A163C",N/A,
7ST8,2.75 Å,3,N/A,Q6HA08,0,N/A,N/A,
7STA,2.5 Å,1,N/A,Q99731,0,N/A,N/A,
7STC,2.25 Å,1,N/A,P55064,1,T41H,N/A,
7STY,2 Å,1,N/A,Q9ULV4,0,N/A,N/A,
7STZ,2.95 Å,1,N/A,P12830,0,N/A,N/A,
7SU9,1.99 Å,3,N/A,A2BF26,0,N/A,N/A,
7SUL,2.4 Å,1,N/A,O94979,0,N/A,N/A,
7SVP,2.9 Å,1,N/A,O14939,0,N/A,N/A,
7SXF,1.94 Å,1,N/A,P49840,0,N/A,N/A,
7SXJ,1.85 Å,2,N/A,O15169,0,N/A,N/A,
7SZ8,2.337 Å,1,N/A,Q9NYQ6,0,N/A,N/A,
7T0Y,1.8 Å,2,N/A,Q14684,0,N/A,N/A,
7T1E,1.459 Å,1,N/A,P78556,0,N/A,N/A,
7T1K,1.25 Å,1,N/A,P07332,5,"S485G, G487S, K488Q, Q489P, E490D",N/A,
7T1K,1.25 Å,2,N/A,P15311,0,N/A,N/A,
7T1Y,2.55 Å,2,N/A,Q969H0,0,N/A,N/A,
7T1Y,2.55 Å,3,N/A,P01106,0,N/A,N/A,
7T2B,2.8 Å,1,N/A,P20036,0,N/A,N/A,
7T2B,2.8 Å,2,N/A,P04440,0,N/A,N/A,
7T2B,2.8 Å,4,N/A,P01848,0,N/A,N/A,
7T2B,2.8 Å,5,N/A,P01850,0,N/A,N/A,
7T5M,1.67 Å,3,N/A,Q6UWB1,0,N/A,N/A,
7T6I,2.3 Å,1,N/A,Q95HB9,0,N/A,N/A,
7T6I,2.3 Å,2,N/A,S6B6U4,0,N/A,N/A,
7T78,2.4 Å,1,N/A,P35557,0,N/A,N/A,
7T7A,1.79 Å,1,N/A,Q9UQ13,0,N/A,N/A,
7T7M,2.85 Å,1,N/A,Q9H9B1,0,N/A,N/A,
7T91,2.05 Å,1,N/A,P08151,0,N/A,N/A,
7TA2,2.25 Å,1,N/A,W5XKT8,0,N/A,N/A,
7TB1,1.785 Å,1,N/A,Q9UNE7,0,N/A,N/A,
7TCY,1.54 Å,1,N/A,Q13470,3,"P589G, C610A, C644A",N/A,
7TD5,2.994 Å,1,N/A,Q92800,0,N/A,N/A,
7TD5,2.994 Å,3,N/A,Q15022,0,N/A,N/A,
7TE3,2.2 Å,1,N/A,Q07021,0,N/A,N/A,
7TNV,1.93 Å,1,N/A,P00387,1,T117S,N/A,
7TLT,2.3 Å,1,N/A,B0UXQ0,0,N/A,N/A,
7TNG,1.4 Å,1,N/A,Q01973,0,N/A,N/A,
7TQO,1.25 Å,1,N/A,Q9NSU2,8,"A5T, P8H, P10H, F17L, M19L, F26S, Q28R, K30E",N/A,
7TR4,2.3 Å,1,N/A,A0A140T9X5,0,N/A,N/A,
7TRL,1.74 Å,2,N/A,Q6NXT2,0,N/A,N/A,
8BI9,1.44 Å,1,N/A,P29475,0,N/A,N/A,
7TTZ,2.35 Å,1,N/A,Q6MZV6,6,"A412F, T414Y, N337T, I338L, T339S, C311S",N/A,
7TUC,1.25 Å,1,N/A,D5H3J5,1,T73C,N/A,
7TUC,1.25 Å,3,N/A,Q9TQB0,0,N/A,N/A,
7TUO,1.96 Å,1,N/A,Q96RU2,0,N/A,N/A,
7UBT,2.352 Å,1,N/A,P42229,0,N/A,N/A,
7TXH,1.95 Å,1,N/A,O14807,1,Q71R,N/A,
7TWD,2.11 Å,1,N/A,Q6PD74,0,N/A,N/A,
7TX9,1.34 Å,1,N/A,J3KQA0,1,Y312F,N/A,
7TZ2,2.55 Å,1,N/A,Q08830,0,N/A,N/A,
7YDF,2.8 Å,1,N/A,Q9NP81,0,N/A,N/A,
7UM3,2.3983 Å,3,N/A,P18627,0,N/A,N/A,
7TZK,1.43 Å,1,N/A,Q12929,0,N/A,N/A,
7U01,2.29707910798 Å,1,N/A,Q12913,0,N/A,N/A,
7U0T,2.45 Å,1,N/A,P48454,0,N/A,N/A,
7U21,1.9 Å,3,N/A,Q15124,1,H5Y,N/A,
7U5B,2.371 Å,3,N/A,Q9Y337,0,N/A,N/A,
7U8C,1.74 Å,1,N/A,Q13421,0,N/A,N/A,
7U9D,2.18 Å,1,N/A,Q9UKL6,0,N/A,N/A,
7UCC,1.94 Å,1,N/A,P53539,0,N/A,N/A,
7UCC,1.94 Å,2,N/A,P17535,0,N/A,N/A,
7UCX,1.72 Å,1,N/A,Q14114,0,N/A,N/A,
7UDQ,1.9 Å,1,N/A,Q8NI60,0,N/A,N/A,
7UGB,1.9 Å,2,N/A,Q96AZ6,0,N/A,N/A,
7UGK,1.78 Å,1,N/A,Q5T6V5,0,N/A,N/A,
7UIA,2.59 Å,2,N/A,Q496J9,0,N/A,N/A,
7UKZ,2.6 Å,1,N/A,P21127,0,N/A,N/A,
7ULJ,1.82 Å,1,N/A,P08238,0,N/A,N/A,
7ULL,2.31 Å,1,N/A,P14625,0,N/A,N/A,
7USZ,1.65 Å,1,N/A,O94760,0,N/A,N/A,
7UM4,2.8 Å,1,N/A,P47898,2,"D65N, I278A",N/A,
7UMG,2.4 Å,3,N/A,P01732,0,N/A,N/A,
7UMO,2.3 Å,1,N/A,Q13432,0,N/A,N/A,
7UP6,2.6 Å,1,N/A,O75582,0,N/A,N/A,
7UPM,2.7 Å,1,N/A,Q92519,0,N/A,N/A,
7UQC,2.65 Å,3,N/A,Q14CZ8,0,N/A,N/A,
7URY,2.64 Å,1,N/A,Q13554,0,N/A,N/A,
7UVA,1.98 Å,3,N/A,Q71DI3,1,K36C,N/A,
7WH5,2.13 Å,1,N/A,Q16740,0,N/A,N/A,
7UX0,1.49 Å,1,N/A,Q3KNT9,0,N/A,N/A,
7UXD,1.5 Å,1,N/A,Q9HC16,10,"P200A, L234K, N236A, C243A, P247K, F310K, Q318K, C321A, Q322A, C356A",N/A,
7V8F,1.66 Å,1,N/A,Q96EP0,0,N/A,N/A,
7UZO,1.3 Å,1,N/A,Q03431,0,N/A,N/A,
7UZO,1.3 Å,2,N/A,P12272,0,N/A,N/A,
7V1M,2.834 Å,4,N/A,P49321,0,N/A,N/A,
7V1M,2.834 Å,3,N/A,Q9NVP2,0,N/A,N/A,
7V4G,2.1 Å,2,N/A,Q6P6C2,0,N/A,N/A,
7V5L,1.74 Å,1,N/A,Q13867,0,N/A,N/A,
7YUJ,1.865 Å,1,N/A,Q9BYM8,0,N/A,N/A,
7V8F,1.66 Å,2,N/A,P68036,0,N/A,N/A,
7V9B,1.85 Å,1,N/A,P62258,0,N/A,N/A,
7V9B,1.85 Å,2,N/A,O43524,0,N/A,N/A,
7VBT,2.54001480108 Å,1,N/A,Q9BVS4,0,N/A,N/A,
7VDP,2.09 Å,1,N/A,Q00535,0,N/A,N/A,
7VF3,2.29 Å,1,N/A,O43157,0,N/A,N/A,
7VF3,2.29 Å,2,N/A,P11684,0,N/A,N/A,
7VJV,1.75 Å,1,N/A,Q3KRA9,0,N/A,N/A,
7VKJ,1.45 Å,1,N/A,Q6NXG1,0,N/A,N/A,
7VMB,1.99777371992 Å,1,N/A,Q6DN90,0,N/A,N/A,
7VO6,1.71 Å,1,N/A,O75832,1,0,N/A,
7VOX,2.1 Å,3,N/A,P55317,0,N/A,N/A,
7VQG,1.35 Å,1,N/A,Q9NPG2,1,A15C,N/A,
7VTO,2.59 Å,1,N/A,Q13153,0,N/A,N/A,
7VVH,2.296 Å,1,N/A,P51787,0,N/A,N/A,
7VYT,1.53 Å,1,N/A,Q495A1,0,N/A,N/A,
7VZE,2.882 Å,1,N/A,P29074,0,N/A,N/A,
7W27,1.49 Å,3,N/A,Q5T5X7,0,N/A,N/A,
7W28,1.79 Å,2,N/A,P60709,0,N/A,N/A,
7W2P,1.15 Å,1,N/A,Q16637,0,N/A,N/A,
7W3N,1.6 Å,1,N/A,P61960,0,N/A,N/A,
7W3R,1.92 Å,1,N/A,Q70CQ2,0,N/A,N/A,
7W41,2.952 Å,1,N/A,P30550,3,"S127K,I157A,R259E",N/A,
7W5Q,2.73 Å,1,N/A,Q3ZCX4,0,N/A,N/A,
7W6L,2.26 Å,2,N/A,Q8NEZ4,0,N/A,N/A,
7W7O,1.59 Å,1,N/A,P07384,0,N/A,N/A,
7WJ2,1.28 Å,1,N/A,A0A858LG55,0,N/A,N/A,
7WJH,1.698 Å,2,N/A,Q8NFP0,0,N/A,N/A,
7WJQ,2.7 Å,2,N/A,Q8TAX9,2,"R221S, K222A",N/A,
7WKJ,1.5 Å,1,N/A,A0A6M6CC39,0,N/A,N/A,
7WLP,2.29 Å,1,N/A,P20671,0,N/A,N/A,
7WMH,1.97 Å,1,N/A,P10828,0,N/A,N/A,
7XJF,2.6 Å,3,N/A,Q08722,1,C33G,N/A,
7WSZ,1.52 Å,1,N/A,Q04760,0,N/A,N/A,
7WT5,2.09507668635 Å,1,N/A,A0A109QAI7,0,N/A,N/A,
7WU8,1.599 Å,1,N/A,Q9NZ71,0,N/A,N/A,
7WUZ,1.93 Å,1,N/A,Q9Y4U1,0,N/A,N/A,
7WWQ,2.72 Å,1,N/A,Q8TAT6,0,N/A,N/A,
7WWQ,2.72 Å,2,N/A,Q92890,0,N/A,N/A,
7WWR,1.3 Å,1,N/A,P02461,0,N/A,N/A,
7WXX,1.5 Å,1,N/A,P09237,1,E215Q,N/A,
7WZZ,1.305 Å,1,N/A,F4NC28,0,N/A,N/A,
7X11,2.07 Å,1,N/A,P48163,0,N/A,N/A,
7X1B,1.399 Å,1,N/A,A0A678ZMW1,0,N/A,N/A,
7X2E,1.85 Å,1,N/A,Q9Y6N9,0,N/A,N/A,
7X3Z,2.25 Å,1,N/A,P14061,0,N/A,N/A,
7X5E,2.3 Å,1,N/A,O15525,0,N/A,N/A,
7X68,1.8 Å,1,N/A,Q16555,0,N/A,N/A,
7X8P,2.24 Å,1,N/A,Q14332,0,N/A,N/A,
7X8T,2.51 Å,1,N/A,Q9ULW2,1,N48Q,N/A,
7X9G,2.8 Å,1,N/A,Q92838,0,N/A,N/A,
7X9G,2.8 Å,2,N/A,Q9UNE0,0,N/A,N/A,
7XB9,1.58 Å,1,N/A,P18669,0,N/A,N/A,
7XC0,1.56 Å,1,N/A,Q9HD43,2,"C818A, C1020S",N/A,
7XC5,2.1 Å,1,N/A,Q9H078,0,N/A,N/A,
7XE2,2.05 Å,1,N/A,Q8NB78,0,N/A,N/A,
7XJO,2 Å,1,N/A,P08253,5,"D28A, H55Y, E109K, Q111V, E122A",N/A,
7XGO,2.1 Å,1,N/A,P00797,0,N/A,N/A,
7XHF,2.68 Å,2,N/A,Q14694,0,N/A,N/A,
7XRB,1.65 Å,1,N/A,P49842,0,N/A,N/A,
7XRR,2.89 Å,1,N/A,O43614,0,N/A,N/A,
7XTL,1.972 Å,1,N/A,Q9UM21,0,N/A,N/A,
7XTY,2.1 Å,1,N/A,Q12923,0,N/A,N/A,
7XV0,1.5 Å,1,N/A,P27694,0,N/A,N/A,
7XUV,1.6 Å,2,N/A,Q9H9A7,0,N/A,N/A,
7XV1,1.8 Å,2,N/A,Q8NG08,0,N/A,N/A,
7XV4,1.6 Å,2,N/A,Q8WXE1,0,N/A,N/A,
7XV9,1.599 Å,1,N/A,P49116,0,N/A,N/A,
7XVA,1.856 Å,2,N/A,C9JGY8,0,N/A,N/A,
7XVY,1.544 Å,1,N/A,Q92731,3,"C334S, C369S, C481S",N/A,
7Y0B,2.076 Å,1,N/A,P16219,0,N/A,N/A,
7Y1G,2.3 Å,1,N/A,P17612,0,N/A,N/A,
7Y37,1.45 Å,1,N/A,P20908,0,N/A,N/A,
7Y39,1.88 Å,1,N/A,Q8TCF1,0,N/A,N/A,
7Y3L,2.5 Å,1,N/A,Q9BXA9,0,N/A,N/A,
7Y4A,1.6 Å,2,N/A,Q92556,0,N/A,N/A,
7Y62,2 Å,1,N/A,P19484,0,N/A,N/A,
7YF2,1.691 Å,1,N/A,Q9H1A3,6,"L95A, F96A, L99A, F103A, V107A, F111A",N/A,
7YF2,1.691 Å,2,N/A,Q6ZMH5,0,N/A,N/A,
7YA9,1.7 Å,1,N/A,Q9Y3D6,0,N/A,N/A,
7YAN,2.5 Å,1,N/A,O75795,0,N/A,N/A,
7YAW,2.1 Å,1,N/A,Q9NYL2,0,N/A,N/A,
7YF5,1.527 Å,1,N/A,P36537,0,N/A,N/A,
7YFJ,2.4 Å,1,N/A,Q15007,0,N/A,N/A,
7YG3,1.5 Å,1,N/A,F4NBP7,0,N/A,N/A,
7YGY,2.6 Å,1,N/A,Q96C19,0,N/A,N/A,
7YH4,2.03 Å,1,N/A,Q8IYS1,0,N/A,N/A,
7YIW,2.89 Å,1,N/A,P05186,0,N/A,N/A,
7YK4,2.7 Å,3,N/A,P43489,0,N/A,N/A,
7YMF,2.3 Å,1,N/A,O00571,0,N/A,N/A,
7YNX,2.3 Å,1,N/A,Q96PM5,0,N/A,N/A,
7YRB,1.51 Å,1,N/A,B3KUR1,0,N/A,N/A,
7YSF,2.4 Å,1,N/A,Q96C55,0,N/A,N/A,
7YTQ,1.6 Å,1,N/A,Q9UJ71,0,N/A,N/A,
7YUG,1.1 Å,1,N/A,Q8N9N5,0,N/A,N/A,
7YUL,1.82 Å,1,N/A,Q5SZJ8,0,N/A,N/A,
7YV4,1.58 Å,1,N/A,P15374,0,N/A,N/A,
7YW3,2.5 Å,1,N/A,Q86TN4,0,N/A,N/A,
7YW5,2.77 Å,1,N/A,Q9H9L3,1,D327A,N/A,
7YX9,1.76 Å,2,N/A,A0A4E9DJJ3,0,N/A,N/A,
7YX9,1.76 Å,3,N/A,P04233,0,N/A,N/A,
7YXW,2.5 Å,1,N/A,P13498,0,N/A,N/A,
7YXW,2.5 Å,2,N/A,P14598,1,A200G,N/A,
7YYK,2.6 Å,1,N/A,P07996,0,N/A,N/A,
7YZB,1.47 Å,1,N/A,O75593,0,N/A,N/A,
7YZE,1.99 Å,1,N/A,Q9Y261,0,N/A,N/A,
7Z0I,1.8 Å,1,N/A,Q92968,0,N/A,N/A,
7Z0K,2.3 Å,1,N/A,P50542,0,N/A,N/A,
7Z0Q,2.1 Å,2,N/A,D7RIG5,0,N/A,N/A,
7Z1K,1.55 Å,1,N/A,Q96T58,0,N/A,N/A,
7Z1X,1.86 Å,1,N/A,P57764,0,N/A,N/A,
7Z27,1.45 Å,1,N/A,Q96T37,0,N/A,N/A,
7Z28,1.55 Å,1,N/A,Q9NZ08,0,N/A,N/A,
7Z36,2.8 Å,2,N/A,Q9H4L7,0,N/A,N/A,
7Z36,2.8 Å,3,N/A,P35789,0,N/A,N/A,
7Z4V,1.644 Å,1,N/A,O00506,0,N/A,N/A,
7Z5G,2.113 Å,1,N/A,Q68EN5,0,N/A,N/A,
7Z5K,2.28 Å,1,N/A,P13349,0,N/A,N/A,
7Z5X,2.035 Å,1,N/A,P08922,0,N/A,N/A,
7Z8A,2.06 Å,1,N/A,Q07666,0,N/A,N/A,
8B46,1.67 Å,2,N/A,Q12912,0,N/A,N/A,
7Z9F,1.7 Å,1,N/A,P07478,0,N/A,N/A,
7ZAU,2.2 Å,1,N/A,Q16658,0,N/A,N/A,
7ZAW,2.58 Å,1,N/A,P51654,0,N/A,N/A,
7ZC9,2.1 Å,1,N/A,Q63HQ2,0,N/A,N/A,
7ZDD,1.625 Å,1,N/A,Q9UPN9,0,N/A,N/A,
7ZDD,1.625 Å,2,N/A,P0DPK5,0,N/A,N/A,
7ZEE,1.36 Å,1,N/A,Q969T7,0,N/A,N/A,
7ZEJ,1.79 Å,1,N/A,Q8N4Q0,0,N/A,N/A,
7ZET,2.8 Å,1,N/A,P10909,1,deletion(214-238),N/A,
7ZIA,1.7 Å,1,N/A,P27707,0,N/A,N/A,
7ZIH,1.46890830792 Å,1,N/A,P17752,0,N/A,N/A,
7ZJ1,1.65 Å,1,N/A,P55265,0,N/A,N/A,
7ZJ3,2.53 Å,2,N/A,P51668,1,S22R C85K,N/A,
7ZJP,2.19 Å,1,N/A,P28347,0,N/A,N/A,
7ZJV,2.4 Å,2,N/A,P61956,0,N/A,N/A,
7ZKX,2.06 Å,1,N/A,P78362,0,N/A,N/A,
7ZLM,1.79 Å,1,N/A,O14508,0,N/A,N/A,
7ZM0,2.24 Å,1,N/A,P09936,1,lysine-dimethylated,N/A,
7ZMV,2.002 Å,1,N/A,O94762,0,N/A,N/A,
7ZMX,1.2 Å,1,N/A,Q9NXR8,0,N/A,N/A,
7ZOT,1.735 Å,1,N/A,Q9UL19,0,N/A,N/A,
7ZOZ,2.104 Å,1,N/A,Q6ZMC9,0,N/A,N/A,
7ZRQ,1.68 Å,2,N/A,Q13557,0,N/A,N/A,
7ZSL,1.8 Å,1,N/A,P00491,0,N/A,N/A,
7ZTL,1.9 Å,2,N/A,P04198,1,N85K,N/A,
7ZTZ,1.4 Å,1,N/A,P10275,0,N/A,N/A,
7ZUC,1.89 Å,1,N/A,O78126,0,N/A,N/A,
7ZUD,2.93 Å,2,N/A,Q16630,0,N/A,N/A,
7ZUG,1.075 Å,1,N/A,P31943,0,N/A,N/A,
7ZUS,2.26 Å,1,N/A,O75417,0,N/A,N/A,
7ZVJ,2.61 Å,1,N/A,O95461,0,N/A,N/A,
7ZW4,2.72 Å,2,N/A,Q8WXE0,0,N/A,N/A,
7ZX4,2.08 Å,2,N/A,Q15398,0,N/A,N/A,
7ZXK,2.2 Å,1,N/A,Q8NEV9,0,N/A,N/A,
7ZXK,2.2 Å,2,N/A,Q14213,0,N/A,N/A,
7ZY4,2.55 Å,1,N/A,Q12996,0,N/A,N/A,
8CGP,2.62 Å,1,N/A,Q9UIQ6,0,N/A,N/A,
7ZYU,2.43 Å,1,N/A,Q9UBN7,0,N/A,N/A,
8A16,2.89 Å,1,N/A,P28827,0,N/A,N/A,
8A1G,2.5 Å,1,N/A,Q13596,0,N/A,N/A,
8A1G,2.5 Å,2,N/A,Q9Y5X3,0,N/A,N/A,
8A3O,2.9 Å,1,N/A,O95825,0,N/A,N/A,
8A3P,2.7 Å,1,N/A,Q8NB37,0,N/A,N/A,
8A4A,2.52 Å,1,N/A,Q6BDI9,0,N/A,N/A,
8A4C,2.75 Å,2,N/A,P20337,0,N/A,N/A,
8A58,2.25 Å,1,N/A,Q96B02,0,N/A,N/A,
8A58,2.25 Å,2,N/A,P19474,0,N/A,N/A,
8A59,1.92 Å,1,N/A,Q9NPY3,0,N/A,N/A,
8A5U,2.4 Å,1,N/A,Q05901,0,N/A,N/A,
8A5V,2.46 Å,1,N/A,Q9Y617,0,N/A,N/A,
8A62,1.6 Å,2,N/A,Q12778,0,N/A,N/A,
8A66,1.901 Å,1,N/A,Q13188,0,N/A,N/A,
8A8R,1.696 Å,1,N/A,Q15561,0,N/A,N/A,
8ACF,1.8 Å,1,N/A,P06681,0,N/A,N/A,
8ADM,1.7 Å,2,N/A,P40818,0,N/A,N/A,
8AFI,2.66 Å,2,N/A,Q9NT62,1,N113G,N/A,
8AFO,1.99 Å,1,N/A,P32004,0,N/A,N/A,
8AG0,2.7 Å,1,N/A,Q96N28,0,N/A,N/A,
8AG0,2.7 Å,2,N/A,O43715,0,N/A,N/A,
8AH5,1.25 Å,1,N/A,P78352,0,N/A,N/A,
8AHY,1.7 Å,1,N/A,P62166,0,N/A,N/A,
8ALK,2.15 Å,2,N/A,Q9H0U4,1,S76T,N/A,
8ANB,1.64 Å,2,N/A,Q96EB6,0,N/A,N/A,
8ANC,1.11 Å,2,N/A,Q9NTG7,0,N/A,N/A,
8AON,2.1 Å,1,N/A,A8K4C2,0,N/A,N/A,
8ARF,2.8 Å,1,N/A,Q96EA4,0,N/A,N/A,
8AS4,2.3 Å,1,N/A,P49407,0,N/A,N/A,
8ASC,2.95 Å,1,N/A,P12956,0,N/A,N/A,
8ASC,2.95 Å,2,N/A,P13010,0,N/A,N/A,
8ASC,2.95 Å,5,N/A,Q9BUH6,0,N/A,N/A,
8ASN,2.571 Å,4,N/A,Q8NG68,0,N/A,N/A,
8ATH,2.366 Å,1,N/A,P11279,0,N/A,N/A,
8ATI,2.6 Å,1,N/A,P56545,0,N/A,N/A,
8ATI,2.6 Å,2,N/A,Q9Y5P3,0,N/A,N/A,
8B10,1.95 Å,1,N/A,Q9UPX8,0,N/A,N/A,
8AXR,1.5 Å,1,N/A,O43822,0,N/A,N/A,
8AYF,1.84 Å,1,N/A,O95470,0,N/A,N/A,
8B4T,1.45 Å,1,N/A,P07858,1,S115A,N/A,
8B55,1.36 Å,1,N/A,Q8IZF6,0,N/A,N/A,
8B5W,1.8 Å,1,N/A,Q5T4S7,0,N/A,N/A,
8B7D,2.59 Å,1,N/A,Q9NUM4,0,N/A,N/A,
8B7H,1.95 Å,3,N/A,O60565,0,N/A,N/A,
8B9V,2.16 Å,3,N/A,P37840,0,N/A,N/A,
8BA5,1.45 Å,1,N/A,Q9Y6K1,0,N/A,N/A,
8BAV,2.3 Å,2,N/A,O76038,0,N/A,N/A,
8BB8,1.8 Å,1,N/A,P30838,0,N/A,N/A,
8BEM,2.6 Å,1,N/A,Q9H2G2,0,N/A,N/A,
8BFH,2.2 Å,1,N/A,Q9UKZ1,0,N/A,N/A,
8BFJ,2.23 Å,2,N/A,Q9H3C7,0,N/A,N/A,
8BFM,1.7 Å,1,N/A,Q8IU85,0,N/A,N/A,
8BHG,2.39 Å,1,N/A,P31644,28,"I79M,T82N,V98I,R101A,S103T,N121D,L123R,L124V,S126D,K127Q,G138D,I142F,N145W,L152M,L155I,E156W,D157N,T160R,L161V,Q176D,A184E,H185Q,A186N,P287A,I336L,T340F,F344I,V335I",N/A,
8BHG,2.39 Å,2,N/A,P18507,0,N/A,N/A,
8BJJ,1.699 Å,2,N/A,P07737,0,N/A,N/A,
8BN2,1.63 Å,1,N/A,Q9ULK0,0,N/A,N/A,
8BLV,1.5 Å,2,N/A,P31431,0,N/A,N/A,
8BOX,2.82 Å,3,N/A,O95863,0,N/A,N/A,
8BS9,1.9 Å,1,N/A,Q9P275,0,N/A,N/A,
8BS3,2.2 Å,2,N/A,P62861,0,N/A,N/A,
8BTX,1.84 Å,1,N/A,A8K0B5,0,N/A,N/A,
8BU1,2.98 Å,2,N/A,Q9NYV4,0,N/A,N/A,
8BUY,1.6 Å,1,N/A,O15063,0,N/A,N/A,
8BWL,1.96 Å,2,N/A,Q9GZX9,0,N/A,N/A,
8BWF,2.9 Å,1,N/A,P26599,0,N/A,N/A,
8BZL,2.14 Å,9,N/A,Q99436,0,N/A,N/A,
8BZL,2.14 Å,11,N/A,P28074,0,N/A,N/A,
8BZL,2.14 Å,14,N/A,P28072,0,N/A,N/A,
8BZM,2.69 Å,2,N/A,P85037,0,N/A,N/A,
8BZM,2.69 Å,4,N/A,P32519,0,N/A,N/A,
8C0D,2.564 Å,1,N/A,O94874,0,N/A,N/A,
8C0D,2.564 Å,2,N/A,Q96HY6,0,N/A,N/A,
8C12,1.549 Å,1,N/A,Q9P286,0,N/A,N/A,
8C1L,2 Å,1,N/A,P41235,0,N/A,N/A,
8C30,1.4 Å,2,N/A,O15553,0,N/A,N/A,
8C2Z,1.91 Å,1,N/A,Q9Y463,0,N/A,N/A,
8C3P,2.38 Å,1,N/A,Q13822,0,N/A,N/A,
8C61,2.5 Å,1,N/A,Q70EL1,0,N/A,N/A,
8C7D,1.86 Å,1,N/A,O60229,0,N/A,N/A,
8C84,1.9 Å,1,N/A,Q14814,0,N/A,N/A,
8C8B,1.46 Å,1,N/A,Q6PJP8,0,N/A,N/A,
8CAF,2.66 Å,3,N/A,Q13616,0,N/A,N/A,
8CAF,2.66 Å,4,N/A,Q15843,0,N/A,N/A,
8CD3,1.9 Å,2,N/A,Q6UXZ0,0,N/A,N/A,
8CE6,1.582 Å,1,N/A,P11215,0,N/A,N/A,
8CEG,2.03 Å,1,N/A,A1XBS5,0,N/A,N/A,
8CHA,1.81 Å,1,N/A,P12318,1,Q27W,N/A,
8CHE,1.49 Å,3,N/A,Q86YW5,0,N/A,N/A,
8CHT,1.95 Å,1,N/A,Q00577,0,N/A,N/A,
6KID,3.15 Å,1,N/A,Q9P2J5,0,N/A,N/A,
6KZ5,4.45 Å,1,N/A,P22736,0,N/A,N/A,
6KZB,3.55 Å,1,N/A,P21980,0,N/A,N/A,
6L6P,3.08 Å,1,N/A,Q16515,0,N/A,N/A,
6L6R,3.8 Å,2,N/A,Q9BQB4,0,N/A,N/A,
6LBF,3.252 Å,1,N/A,Q9UK73,0,N/A,N/A,
6LHM,3.4 Å,1,N/A,Q96C36,0,N/A,N/A,
6LKN,3.9 Å,1,N/A,Q8NB49,1,C111W,N/A,
6LKN,3.9 Å,2,N/A,Q9NV96,2,"N190Q, S292W",N/A,
6LOH,3.207 Å,1,N/A,O15033,0,N/A,N/A,
6LOJ,3.72 Å,2,N/A,P32455,1,Q507H,N/A,
6M33,3.29434890409 Å,1,N/A,Q96RT7,0,N/A,N/A,
6M3Q,3.436 Å,1,N/A,Q01484,0,N/A,N/A,
6O4P,3.429 Å,1,N/A,Q14626,0,N/A,N/A,
6PA1,3.01 Å,4,N/A,P43627,0,N/A,N/A,
6RS2,3.694 Å,1,N/A,Q6P4Q7,0,N/A,N/A,
6S75,3.3 Å,1,N/A,Q8TDX7,0,N/A,N/A,
6SJD,3.29 Å,1,N/A,Q5HYM0,0,N/A,N/A,
6T3J,3.05 Å,5,N/A,O14763,0,N/A,N/A,
6TAV,4.2 Å,1,N/A,P01023,0,N/A,N/A,
6TOQ,3.164 Å,2,N/A,Q13362,0,N/A,N/A,
6TPK,3.2 Å,1,N/A,P30559,0,N/A,N/A,
6U6T,3.01 Å,1,N/A,Q7Z3B1,0,N/A,N/A,
6U7N,3.321 Å,1,N/A,Q9P121,0,N/A,N/A,
6URI,3 Å,2,N/A,P53680,0,N/A,N/A,
6URI,3 Å,5,N/A,Q96CW1,0,N/A,N/A,
6UX2,3.01 Å,1,N/A,P52630,0,N/A,N/A,
6V80,3.53 Å,3,N/A,A0A0B4J240,0,N/A,N/A,
6V9S,3.5 Å,1,N/A,O43613,0,N/A,N/A,
6VG2,3.9 Å,1,N/A,Q01543,0,N/A,N/A,
6VGD,4.2 Å,4,N/A,Q13950,0,N/A,N/A,
6VGD,4.2 Å,5,N/A,Q13951,0,N/A,N/A,
6VGE,4.25 Å,1,N/A,P11308,0,N/A,N/A,
6VSK,3.12 Å,1,N/A,Q8TCU6,0,N/A,N/A,
6VVQ,3.09 Å,1,N/A,Q8WXI4,0,N/A,N/A,
6VVU,3 Å,1,N/A,Q15661,0,N/A,N/A,
6W3I,3.802 Å,2,N/A,O00444,0,N/A,N/A,
6W66,3.21 Å,2,N/A,Q9UF56,0,N/A,N/A,
6WDQ,3.4 Å,3,N/A,Q5VWK5,0,N/A,N/A,
6WJL,3.3 Å,1,N/A,Q8N158,3,"S55T, S92T, S155T",N/A,
6X4T,3.15 Å,1,N/A,O75144,0,N/A,N/A,
6XFQ,3.3 Å,1,N/A,P07359,0,N/A,N/A,
6XK9,3.64 Å,1,N/A,P15170,0,N/A,N/A,
6XLQ,3 Å,1,N/A,O00481,0,N/A,N/A,
6XR0,3.064 Å,3,N/A,P08582,0,N/A,N/A,
6YJP,3.1 Å,1,N/A,Q68D85,1,C212S,N/A,
6YJP,3.1 Å,2,N/A,O14931,0,N/A,N/A,
6YSQ,3.3 Å,1,N/A,P0C0L5,0,N/A,N/A,
6YSQ,3.3 Å,2,N/A,P0C0L4,0,N/A,N/A,
6YVH,3.19 Å,1,N/A,Q9HCG8,0,N/A,N/A,
6YVH,3.19 Å,2,N/A,Q6UX04,0,N/A,N/A,
6YVH,3.19 Å,3,N/A,P38919,0,N/A,N/A,
6YXJ,3.5 Å,2,N/A,Q9H074,0,N/A,N/A,
6ZBV,3.4 Å,1,N/A,P48067,0,N/A,N/A,
6ZK7,3.2 Å,1,N/A,Q8WU10,0,N/A,N/A,
7AG0,3.104 Å,1,N/A,Q13253,0,N/A,N/A,
7AG0,3.104 Å,2,N/A,P12643,0,N/A,N/A,
7AJK,3.1 Å,2,N/A,Q9NUQ9,0,N/A,N/A,
7AWM,3.25 Å,1,N/A,P43003,0,N/A,N/A,
7AX1,3.3 Å,1,N/A,Q9ULM6,0,N/A,N/A,
7AX1,3.3 Å,2,N/A,Q9UIV1,0,N/A,N/A,
7AY2,3.2 Å,1,N/A,Q8TAF3,0,N/A,N/A,
7AY2,3.2 Å,2,N/A,O94782,0,N/A,N/A,
7B26,3.4 Å,1,N/A,P27918,0,N/A,N/A,
7BPK,3.1 Å,3,N/A,A0A5C2GK82,0,N/A,N/A,
7BT2,3.00002849524 Å,1,N/A,P16615,0,N/A,N/A,
7BV6,3.05 Å,1,N/A,Q9BV40,0,N/A,N/A,
7BV6,3.05 Å,3,N/A,O95721,0,N/A,N/A,
7C4S,3.2 Å,3,N/A,Q99500,1,N15Q,N/A,
7C6A,3.4 Å,4,N/A,P01019,0,N/A,N/A,
7CCC,3.2 Å,2,N/A,Q12792,0,N/A,N/A,
7CE3,3.472 Å,1,N/A,P50213,0,N/A,N/A,
7CE3,3.472 Å,2,N/A,P51553,0,N/A,N/A,
7CE3,3.472 Å,3,N/A,O43837,0,N/A,N/A,
7CGA,3.15 Å,1,N/A,P53778,0,N/A,N/A,
7CLI,3 Å,1,N/A,Q00653,0,N/A,N/A,
7CV1,4 Å,1,N/A,Q9NWX6,0,N/A,N/A,
7D7S,3.32 Å,2,N/A,E5RFS5,1,R96I,N/A,
7DO4,3.2 Å,1,N/A,P48960,0,N/A,N/A,
7DO4,3.2 Å,2,N/A,P08174,0,N/A,N/A,
7DTG,3.6 Å,1,N/A,P20700,0,N/A,N/A,
7E34,3.19 Å,2,N/A,Q5MJ70,0,N/A,N/A,
7EB6,3.014 Å,1,N/A,Q9UPQ3,0,N/A,N/A,
7EPM,3 Å,1,N/A,P07864,2,"L55E, I331Q",N/A,
7EPU,3.5 Å,2,N/A,Q86WJ1,0,N/A,N/A,
7F6L,3.2 Å,2,N/A,A4GXA9,0,N/A,N/A,
7F8H,3.3 Å,1,N/A,O00167,0,N/A,N/A,
7FJ2,3.098 Å,1,N/A,Q08050,0,N/A,N/A,
7JTN,3.1 Å,1,N/A,P00751,0,N/A,N/A,
7K66,3.92 Å,1,N/A,P00451,0,N/A,N/A,
7K7J,3.004 Å,1,N/A,O15197,0,N/A,N/A,
7K7U,3.03 Å,1,N/A,P43320,0,N/A,N/A,
7KDC,3.1 Å,1,N/A,O00212,0,N/A,N/A,
7KLZ,3.4 Å,2,N/A,O75496,0,N/A,N/A,
7KP4,3.37 Å,1,N/A,O14493,0,N/A,N/A,
7LLI,3.2 Å,3,N/A,A0A0C4DH27,0,N/A,N/A,
7LLI,3.2 Å,4,N/A,A0JD37,0,N/A,N/A,
8DEY,3.7 Å,3,N/A,Q9UKS7,0,N/A,N/A,
7LS0,3.05 Å,1,N/A,Q6UX46,0,N/A,N/A,
7MRZ,3 Å,1,N/A,O95390,0,N/A,N/A,
7MRZ,3 Å,2,N/A,P36896,0,N/A,N/A,
7MSG,3.5 Å,1,N/A,O43557,0,N/A,N/A,
7MSG,3.5 Å,2,N/A,O95971,0,N/A,N/A,
7MW1,3.4 Å,2,N/A,Q8NFH5,0,N/A,N/A,
7MZT,4.07 Å,1,N/A,P00736,0,N/A,N/A,
7N0A,3.1 Å,1,N/A,P15018,0,N/A,N/A,
7N86,3.175 Å,1,N/A,Q9BYE9,0,N/A,N/A,
7NE1,3.15 Å,1,N/A,O95631,0,N/A,N/A,
7NJZ,3.2 Å,3,N/A,P51681,0,N/A,N/A,
7NK0,3.3 Å,1,N/A,Q13489,0,N/A,N/A,
7OBM,3.1 Å,1,N/A,Q4J6C6,0,N/A,N/A,
7OLY,3.265 Å,2,N/A,Q13705,0,N/A,N/A,
7OX5,3.09 Å,1,N/A,Q01113,0,N/A,N/A,
7P2B,3 Å,1,N/A,P06396,1,A551P,N/A,
7P2D,3.2 Å,2,N/A,P05107,0,N/A,N/A,
7PB8,3.68 Å,1,N/A,Q9BU64,0,N/A,N/A,
7PB8,3.68 Å,2,N/A,Q7L2Z9,0,N/A,N/A,
8K4D,3.52 Å,3,N/A,Q71F23,0,N/A,N/A,
7PB8,3.68 Å,4,N/A,Q6IPU0,0,N/A,N/A,
7PB8,3.68 Å,5,N/A,Q13352,0,N/A,N/A,
7PPC,3.6 Å,2,N/A,P37023,0,N/A,N/A,
7PYV,3.27 Å,2,N/A,O15205,0,N/A,N/A,
7Q1Y,4.4 Å,1,N/A,A8K2U0,0,N/A,N/A,
7Q4N,3.2 Å,3,N/A,Q99626,0,N/A,N/A,
7QCT,3.197 Å,1,N/A,Q8N448,0,N/A,N/A,
7QDP,3.691 Å,2,N/A,P36888,1,T343I,N/A,
7QDT,3 Å,1,N/A,P10827,1,P393GX,N/A,
7QPO,3 Å,1,N/A,Q96EM0,0,N/A,N/A,
7QU8,3.37 Å,1,N/A,Q86Y34,0,N/A,N/A,
7S3V,3.249 Å,1,N/A,Q16719,24,"N67D, L72N, A99I, H102W, E103F, V104E, K106D, R107S, T111H, G112Y, A132V, A136T, M189I, V223I, F225Y, S274G, A280S, G281S, A282P, I331C, N333T, S341I, I405L, S408N",N/A,
7SFX,3.1 Å,3,N/A,P14209,0,N/A,N/A,
7SG0,3 Å,2,N/A,O19712,0,N/A,N/A,
7TBA,3.5 Å,1,N/A,P02741,0,N/A,N/A,
7TFF,3.6 Å,1,N/A,Q01813,1,D564N,N/A,
7TPB,3.2 Å,1,N/A,B4DTL8,0,N/A,N/A,
7TPB,3.2 Å,2,N/A,Q96QB1,0,N/A,N/A,
7TPS,3.15 Å,1,N/A,P33681,7,"H52Y, A60E, E69D, M81L, V102M, A105G, D124G",N/A,
7TXC,3.04 Å,3,N/A,Q96JB3,0,N/A,N/A,
7U20,3.1 Å,2,N/A,P57081,0,N/A,N/A,
7U5O,3.45 Å,1,N/A,P09529,0,N/A,N/A,
7U5P,3.14 Å,1,N/A,P27037,0,N/A,N/A,
7U8F,3.15 Å,3,N/A,Q53SU9,0,N/A,N/A,
7V62,3.25 Å,1,N/A,P22059,0,N/A,N/A,
7VEC,3 Å,2,N/A,Q9Y6I9,0,N/A,N/A,
7VGE,4 Å,1,N/A,O43464,1,S306A,N/A,
8BFI,3 Å,1,N/A,A5YKK6,0,N/A,N/A,
7VOI,4.38 Å,3,N/A,Q96LI5,0,N/A,N/A,
7VOU,3.1 Å,3,N/A,P58012,0,N/A,N/A,
7VPW,3.76 Å,1,N/A,Q92560,0,N/A,N/A,
7W1R,3.2 Å,1,N/A,Q8IYB8,0,N/A,N/A,
7W36,3 Å,1,N/A,Q9H1Y0,0,N/A,N/A,
7W91,3.292 Å,1,N/A,Q96MT8,0,N/A,N/A,
7WC4,3.2 Å,1,N/A,P28223,7,"S162K,M164W,M1007W,R1098I,H1102I,R1106G,S372N",N/A,
7WF6,3.25 Å,1,N/A,Q9Y5W8,0,N/A,N/A,
7WNH,3.1 Å,1,N/A,P43354,0,N/A,N/A,
7XT2,3 Å,1,N/A,Q6ZMU5,0,N/A,N/A,
7XUZ,3.591 Å,1,N/A,P56524,0,N/A,N/A,
7XX5,3.19 Å,7,N/A,P16402,0,N/A,N/A,
7Y4P,3.5 Å,1,N/A,Q9UIW2,0,N/A,N/A,
7Y5L,3.42 Å,1,N/A,Q13111,0,N/A,N/A,
7Y5L,3.42 Å,2,N/A,Q13112,0,N/A,N/A,
7YIT,3.3 Å,1,N/A,P41145,2,"I135L,S324C",N/A,
7YTE,3 Å,2,N/A,O60667,0,N/A,N/A,
7Z3Q,3.617 Å,1,N/A,P41159,0,N/A,N/A,
7Z3Q,3.617 Å,2,N/A,P48357,0,N/A,N/A,
7ZJS,3.24 Å,1,N/A,Q8N3U4,0,N/A,N/A,
8ROJ,3 Å,2,N/A,O60216,0,N/A,N/A,
7ZJS,3.24 Å,3,N/A,Q5FBB7,0,N/A,N/A,
7ZMK,3.4 Å,1,N/A,P55083,0,N/A,N/A,
7ZSC,3.85 Å,1,N/A,O15460,0,N/A,N/A,
7ZSC,3.85 Å,2,N/A,P07237,0,N/A,N/A,
8A1F,3 Å,1,N/A,Q15262,0,N/A,N/A,
8AGF,3.4 Å,1,N/A,Q16762,0,N/A,N/A,
8B69,3.07 Å,1,N/A,O15211,0,N/A,N/A,
8BBK,3.27 Å,2,N/A,Q86WX3,0,N/A,N/A,
8BFI,3 Å,2,N/A,Q9H9A5,0,N/A,N/A,
8BTL,3.2 Å,2,N/A,P49459,0,N/A,N/A,
8C6I,3.5 Å,1,N/A,Q9UHN6,0,N/A,N/A,
8CIA,3.72 Å,1,N/A,Q9Y2M5,5,"C316A, C327A, C402A, C426A, C604A",N/A,
8CN9,3.4 Å,3,N/A,P08709,0,N/A,N/A,
8CUB,4.05 Å,1,N/A,Q9H222,0,N/A,N/A,
8CUB,4.05 Å,2,N/A,Q9H221,0,N/A,N/A,
8D0A,3.19 Å,1,N/A,Q70CQ3,3,"F348D,M350S,I353E",N/A,
8D7K,3.1 Å,1,N/A,P08311,0,N/A,N/A,
8DFY,3.552 Å,1,N/A,Q7KYR7,0,N/A,N/A,
8DGM,3.2 Å,2,N/A,Q9H792,0,N/A,N/A,
8DGN,3.16 Å,2,N/A,Q86YV5,0,N/A,N/A,
8DNT,3.18 Å,4,N/A,U5YKE0,0,N/A,N/A,
8UPA,3.3 Å,2,N/A,P40189,0,N/A,N/A,
8DYP,3.4 Å,1,N/A,O60931,0,N/A,N/A,
8EDF,3.4 Å,1,N/A,P0DOY2,0,N/A,N/A,
8EDH,3.111 Å,1,N/A,Q9BYP7,1,S308A,N/A,
8EGX,3.688 Å,1,N/A,Q6V0I7,0,N/A,N/A,
8EGX,3.688 Å,2,N/A,Q96JQ0,0,N/A,N/A,
8EI6,3.62 Å,1,N/A,O00308,0,N/A,N/A,
8ESD,3.33 Å,1,N/A,Q9Y6G5,0,N/A,N/A,
8ESD,3.33 Å,2,N/A,Q9P000,0,N/A,N/A,
8ESD,3.33 Å,3,N/A,Q9GZQ3,0,N/A,N/A,
8ESD,3.33 Å,4,N/A,Q86VX2,0,N/A,N/A,
8EXF,3.22 Å,1,N/A,Q96IP4,0,N/A,N/A,
8F5F,3.149 Å,1,N/A,O14874,0,N/A,N/A,
8F6D,3.2 Å,1,N/A,Q9H8M5,0,N/A,N/A,
8F6D,3.2 Å,2,N/A,Q9NXU5,0,N/A,N/A,
8FE6,3.06 Å,1,N/A,O15294,0,N/A,N/A,
8FMN,3.101 Å,1,N/A,P63316,0,N/A,N/A,
8FMN,3.101 Å,2,N/A,P45379,0,N/A,N/A,
8FUF,3.69 Å,2,N/A,Q5JPB2,0,N/A,N/A,
8FZB,3.35 Å,1,N/A,Q96G04,0,N/A,N/A,
8G66,3.45 Å,3,N/A,P48729,0,N/A,N/A,
8OEE,3.15 Å,1,N/A,P41181,1,T126M,N/A,
8GHP,3.52 Å,1,N/A,P25092,0,N/A,N/A,
8GT0,3.28 Å,2,N/A,P01040,0,N/A,N/A,
8GVB,3.2 Å,3,N/A,F6IQZ4,0,N/A,N/A,
8GXE,3 Å,1,N/A,Q16825,0,N/A,N/A,
8GZE,3.4 Å,2,N/A,Q92504,0,N/A,N/A,
8H65,3 Å,1,N/A,Q92830,0,N/A,N/A,
8HBC,3.35 Å,1,N/A,O60449,0,N/A,N/A,
8HN9,3.7 Å,2,N/A,O96020,0,N/A,N/A,
8HPP,3 Å,2,N/A,Q9NXZ1,0,N/A,N/A,
8Y6B,3.49 Å,1,N/A,Q9P0K1,0,N/A,N/A,
8Y6B,3.49 Å,2,N/A,O95970,0,N/A,N/A,
8HR0,3.34 Å,1,N/A,Q15436,0,N/A,N/A,
8HR0,3.34 Å,2,N/A,O95486,0,N/A,N/A,
8HR0,3.34 Å,3,N/A,O75396,0,N/A,N/A,
8HUB,3.25 Å,1,N/A,Q01433,0,N/A,N/A,
8I5D,3.3 Å,3,N/A,U5YJJ6,2,"A245V,E253Q",N/A,
8IA3,3.5 Å,1,N/A,Q15853,0,N/A,N/A,
8IDF,3.7 Å,1,N/A,Q9H6E5,9,"deletion 235-304, C19S,C372A,C415A,C501A,C504S,C399A,C574A,D218A",N/A,
8IK6,3.3 Å,1,N/A,O60260,8,"R140P,Q347C,A383N,S384L,G385Y,T386F,T387Q,T388S",N/A,
8IMS,3.3 Å,1,N/A,Q6Q0C0,0,N/A,N/A,
8IPM,3.1 Å,1,N/A,Q8N0V3,0,N/A,N/A,
8IPM,3.1 Å,2,N/A,A6NJ78,0,N/A,N/A,
8IVD,3.24 Å,1,N/A,Q16270,0,N/A,N/A,
8J6K,3.12 Å,3,N/A,Q14116,0,N/A,N/A,
8J9S,3.01 Å,1,N/A,Q12904,0,N/A,N/A,
8J9S,3.01 Å,2,N/A,Q13155,0,N/A,N/A,
8JKQ,3.09 Å,3,N/A,F2Z3D5,1,T95R,N/A,
8JNR,3.66 Å,1,N/A,Q96Q83,3,"D110S, D189C, C201S",N/A,
8K9D,3.3 Å,1,N/A,Q6IMN6,0,N/A,N/A,
8OKU,3.1 Å,1,N/A,Q9Y2K2,1,T221D,N/A,
8OMV,4.16 Å,1,N/A,O14920,2,"S177E, S181E",N/A,
8OY1,3.34 Å,1,N/A,P08754,0,N/A,N/A,
8P2P,4.15 Å,1,N/A,Q99592,0,N/A,N/A,
8PI7,3.2 Å,3,N/A,P20823,0,N/A,N/A,
8PK6,3.21 Å,2,N/A,Q8N720,0,N/A,N/A,
8PYI,3.06 Å,1,N/A,P08069,0,N/A,N/A,
8Q1S,3.23 Å,2,N/A,Q8WUU5,0,N/A,N/A,
8R2G,3.45 Å,1,N/A,Q14565,0,N/A,N/A,
8QYB,3.09 Å,3,N/A,Q02223,0,N/A,N/A,
8QZ4,3.2 Å,1,N/A,P57789,0,N/A,N/A,
8QZZ,3.35 Å,1,N/A,P41091,0,N/A,N/A,
8QZZ,3.35 Å,2,N/A,P05198,0,N/A,N/A,
8RH6,3.32 Å,1,N/A,Q5S3G3,0,N/A,N/A,
8RKF,3.2 Å,1,N/A,Q05996,0,N/A,N/A,
8RKS,3.1 Å,2,N/A,Q96QK1,0,N/A,N/A,
8TTC,3.01 Å,3,N/A,Q641Q2,0,N/A,N/A,
8SBL,3 Å,3,N/A,Q2TAZ0,0,N/A,N/A,
8SSQ,3.12 Å,1,N/A,P49711,0,N/A,N/A,
8SW1,3.65 Å,1,N/A,P55786,0,N/A,N/A,
8SWZ,3 Å,1,N/A,Q9UKK3,0,N/A,N/A,
8TBP,3.1262111426 Å,3,N/A,P63162,0,N/A,N/A,
8TZX,3.15 Å,3,N/A,O95785,0,N/A,N/A,
8U5G,3.2 Å,2,N/A,Q15435,0,N/A,N/A,
8U5G,3.2 Å,3,N/A,O60927,0,N/A,N/A,
8UDK,3.43 Å,1,N/A,P54098,3,"D198A, E200A, R853A",N/A,
8UDK,3.43 Å,2,N/A,Q9UHN1,0,N/A,N/A,
8UWB,3.15 Å,1,N/A,P67775,0,N/A,N/A,
8UWB,3.15 Å,2,N/A,Q16537,0,N/A,N/A,
8UWB,3.15 Å,3,N/A,P30153,0,N/A,N/A,
8V08,3 Å,1,N/A,Q96BZ4,0,N/A,N/A,
8VOF,3 Å,1,N/A,Q9UBF8,3,"L294A,L374Y,P597Y",N/A,
8VOF,3 Å,2,N/A,P62491,1,Q70L,N/A,
8VVO,3.09 Å,3,N/A,P19235,1,residues 22-250,N/A,
8W18,3.94 Å,1,N/A,P05155,0,N/A,N/A,
8W18,3.94 Å,2,N/A,P09871,1,S632A,N/A,
8W9J,3.5 Å,3,N/A,Q5QGZ9,0,N/A,N/A,
8WHL,3.2 Å,1,N/A,O75122,0,N/A,N/A,
8WHH,3.801 Å,2,N/A,Q6P5Z9,0,N/A,N/A,
8WKU,3.5 Å,1,N/A,P27487,0,N/A,N/A,
8WKZ,3.3 Å,1,N/A,P32245,0,N/A,N/A,
8XFL,3 Å,1,N/A,Q96L34,0,N/A,N/A,
8XFV,3.13 Å,1,N/A,Q9NXS2,0,N/A,N/A,
8XI8,3.35 Å,1,N/A,Q15750,0,N/A,N/A,
8YD8,3.11 Å,1,N/A,O15519,1,H7G,N/A,
8YD8,3.11 Å,3,N/A,Q13158,1,H9G,N/A,
8YE4,3.2 Å,1,N/A,Q6IVJ7,0,N/A,N/A,
8YGW,3.301 Å,1,N/A,Q15759,0,N/A,N/A,
8YJM,4.15 Å,1,N/A,Q9Y5B9,0,N/A,N/A,
8YJF,4.4 Å,5,N/A,Q16778,0,N/A,N/A,
8YR7,3 Å,1,N/A,O14641,0,N/A,N/A,
9AVS,3.53 Å,1,N/A,P06280,1,D170A,N/A,
9BIG,3.304 Å,1,N/A,P42226,0,N/A,N/A,
9EQK,3 Å,1,N/A,Q9H0M0,0,N/A,N/A,